,sentence_num,word,n_fix,first_fix_dur,first_pass_dur,total_fix_dur,mean_fix_dur,fix_prob,n_refix,reread_prob
0,0,Außerdem,2.0,0.0,0.0,598.0,299.0,1.0,1.0,1.0
1,0,wurde,3.0,314.0,314.0,809.0,269.6666666666668,1.0,2.0,1.0
2,0,bei,3.0,0.0,0.0,717.0,239.0,1.0,2.0,1.0
3,0,der,2.0,341.0,341.0,545.0,272.5,1.0,1.0,1.0
4,0,Streuung,4.0,437.0,437.0,1191.0,297.75,1.0,3.0,1.0
5,0,von,1.0,91.0,91.0,91.0,91.0,1.0,0.0,0.0
6,0,hochenergetischen,6.0,237.0,773.0,1777.0,296.16666666666674,1.0,5.0,1.0
7,0,Elektronen,8.0,234.0,234.0,1259.0,157.375,1.0,7.0,1.0
8,0,und,4.0,0.0,0.0,0.0,0.0,1.0,3.0,1.0
9,0,Protonen,4.0,138.0,447.0,1621.0,405.25,1.0,3.0,1.0
10,0,an,1.0,0.0,0.0,159.0,159.0,1.0,0.0,0.0
11,0,Protonen,8.0,0.0,0.0,1228.0,153.5,1.0,7.0,1.0
12,0,und,1.0,0.0,0.0,271.0,271.0,1.0,0.0,0.0
13,0,Neutronen,5.0,0.0,0.0,1349.0,269.8000000000001,1.0,4.0,1.0
14,0,gefunden,2.0,0.0,0.0,485.0,242.5,1.0,1.0,1.0
15,0,dass,1.0,0.0,0.0,193.0,193.0,1.0,0.0,0.0
16,0,beide,2.0,0.0,0.0,413.0,206.5,1.0,1.0,1.0
17,0,Nukleonen,5.0,0.0,0.0,1034.0,206.80000000000013,1.0,4.0,1.0
18,0,viele,0.0,0.0,0.0,0.0,0.0,0.0,0.0,0.0
19,0,Anregungszustände,8.0,0.0,0.0,1675.0,209.375,1.0,7.0,1.0
20,0,haben,2.0,0.0,0.0,497.0,248.5,1.0,1.0,1.0
21,1,Stark,3.0,303.0,303.0,1277.0,425.6666666666666,1.0,2.0,1.0
22,1,transpirierende,11.0,211.0,682.0,2465.0,224.09090909090904,1.0,10.0,1.0
23,1,Pflanzen,1.0,361.0,361.0,361.0,361.0,1.0,0.0,0.0
24,1,können,3.0,229.0,229.0,674.0,224.66666666666677,1.0,2.0,1.0
25,1,Nitrat,3.0,246.0,447.0,663.0,221.0,1.0,2.0,1.0
26,1,schneller,5.0,209.0,209.0,1333.0,266.60000000000014,1.0,4.0,1.0
27,1,zur,2.0,0.0,0.0,396.0,198.0,1.0,1.0,1.0
28,1,Wurzeloberfläche,10.0,276.0,644.0,2468.0,246.80000000000013,1.0,9.0,1.0
29,1,transportieren,4.0,285.0,285.0,1262.0,315.5,1.0,3.0,1.0
30,1,als,2.0,0.0,0.0,462.0,231.0,1.0,1.0,1.0
31,1,sie,4.0,208.0,208.0,954.0,238.5,1.0,3.0,1.0
32,1,es,2.0,239.0,239.0,391.0,195.5,1.0,1.0,1.0
33,1,im,2.0,0.0,0.0,324.0,162.0,1.0,1.0,1.0
34,1,Pflanzenkörper,5.0,517.0,517.0,1788.0,357.6000000000002,1.0,4.0,1.0
35,1,anreichern,5.0,346.0,346.0,1464.0,292.80000000000007,1.0,4.0,1.0
36,1,können,3.0,390.0,390.0,830.0,276.6666666666668,1.0,2.0,1.0
37,2,Da,1.0,0.0,0.0,149.0,149.0,1.0,0.0,0.0
38,2,im,5.0,192.0,192.0,1446.0,289.19999999999993,1.0,4.0,1.0
39,2,Inneren,3.0,360.0,360.0,765.0,255.0,1.0,2.0,1.0
40,2,der,1.0,227.0,227.0,227.0,227.0,1.0,0.0,0.0
41,2,Kammerhälften,13.0,188.0,662.0,3029.0,233.0,1.0,12.0,1.0
42,2,mit,2.0,0.0,0.0,458.0,229.0,1.0,1.0,1.0
43,2,metallischen,9.0,200.0,342.0,1793.0,199.2222222222223,1.0,8.0,1.0
44,2,Wänden,7.0,408.0,408.0,2745.0,392.142857142857,1.0,6.0,1.0
45,2,kein,3.0,0.0,0.0,766.0,255.33333333333323,1.0,2.0,1.0
46,2,elektrisches,6.0,251.0,517.0,1561.0,260.1666666666668,1.0,5.0,1.0
47,2,Feld,2.0,0.0,0.0,431.0,215.5,1.0,1.0,1.0
48,2,existiert,2.0,298.0,298.0,572.0,286.0,1.0,1.0,1.0
49,2,beschreiben,2.0,0.0,0.0,650.0,325.0,1.0,1.0,1.0
50,2,die,0.0,0.0,0.0,0.0,0.0,0.0,0.0,0.0
51,2,Ionen,2.0,0.0,0.0,398.0,199.0,1.0,1.0,1.0
52,2,hier,2.0,0.0,0.0,412.0,206.0,1.0,1.0,1.0
53,2,im,0.0,0.0,0.0,0.0,0.0,0.0,0.0,0.0
54,2,Magnetfeld,3.0,157.0,157.0,1037.0,345.66666666666663,1.0,2.0,1.0
55,2,einen,1.0,160.0,160.0,160.0,160.0,1.0,0.0,0.0
56,2,Halbkreis,5.0,268.0,461.0,1329.0,265.8000000000001,1.0,4.0,1.0
57,2,in,0.0,0.0,0.0,0.0,0.0,0.0,0.0,0.0
58,2,der,2.0,0.0,0.0,975.0,487.5,1.0,1.0,1.0
59,2,x-y-Ebene,5.0,272.0,272.0,1374.0,274.8000000000001,1.0,4.0,1.0
60,2,dessen,3.0,247.0,534.0,870.0,290.0,1.0,2.0,1.0
61,2,Radius,1.0,363.0,363.0,363.0,363.0,1.0,0.0,0.0
62,2,durch,1.0,0.0,0.0,235.0,235.0,1.0,0.0,0.0
63,2,die,1.0,188.0,188.0,188.0,188.0,1.0,0.0,0.0
64,2,als,2.0,295.0,295.0,553.0,276.5,1.0,1.0,1.0
65,2,Zentripetalkraft,6.0,211.0,1017.0,1520.0,253.33333333333323,1.0,5.0,1.0
66,2,wirkende,2.0,231.0,231.0,462.0,231.0,1.0,1.0,1.0
67,2,Lorentzkraft,2.0,295.0,295.0,630.0,315.0,1.0,1.0,1.0
68,2,festgelegt,2.0,303.0,596.0,596.0,298.0,1.0,1.0,1.0
69,2,und,1.0,220.0,220.0,220.0,220.0,1.0,0.0,0.0
70,2,dessen,0.0,0.0,0.0,0.0,0.0,0.0,0.0,0.0
71,2,Umlaufszeit,4.0,191.0,475.0,892.0,223.0,1.0,3.0,1.0
72,2,unabhängig,2.0,153.0,153.0,400.0,200.0,1.0,1.0,1.0
73,2,vom,0.0,0.0,0.0,0.0,0.0,0.0,0.0,0.0
74,2,Radius,2.0,295.0,498.0,498.0,249.0,1.0,1.0,1.0
75,2,ist,0.0,0.0,0.0,0.0,0.0,0.0,0.0,0.0
76,3,Böden,3.0,212.0,212.0,869.0,289.66666666666674,1.0,2.0,1.0
77,3,sind,1.0,258.0,258.0,258.0,258.0,1.0,0.0,0.0
78,3,heterogen,4.0,387.0,387.0,1285.0,321.25,1.0,3.0,1.0
79,3,und,0.0,0.0,0.0,0.0,0.0,0.0,0.0,0.0
80,3,weisen,5.0,184.0,422.0,887.0,177.39999999999998,1.0,4.0,1.0
81,3,Unterschiede,3.0,288.0,288.0,856.0,285.33333333333326,1.0,2.0,1.0
82,3,auf,1.0,0.0,0.0,202.0,202.0,1.0,0.0,0.0
83,3,kleinem,4.0,305.0,439.0,889.0,222.25,1.0,3.0,1.0
84,3,Raum,1.0,0.0,0.0,255.0,255.0,1.0,0.0,0.0
85,3,auf,1.0,194.0,194.0,194.0,194.0,1.0,0.0,0.0
86,4,Auf,0.0,0.0,0.0,0.0,0.0,0.0,0.0,0.0
87,4,diese,2.0,286.0,286.0,491.0,245.5,1.0,1.0,1.0
88,4,Weise,2.0,180.0,180.0,357.0,178.5,1.0,1.0,1.0
89,4,kann,0.0,0.0,0.0,0.0,0.0,0.0,0.0,0.0
90,4,man,2.0,271.0,271.0,443.0,221.5,1.0,1.0,1.0
91,4,Gestaltsänderungen,4.0,361.0,860.0,1046.0,261.5,1.0,3.0,1.0
92,4,feststellen,3.0,0.0,0.0,927.0,309.0,1.0,2.0,1.0
93,4,die,1.0,145.0,145.0,145.0,145.0,1.0,0.0,0.0
94,4,wesentlich,4.0,326.0,326.0,1206.0,301.5,1.0,3.0,1.0
95,4,kleiner,2.0,293.0,293.0,571.0,285.5,1.0,1.0,1.0
96,4,als,1.0,0.0,0.0,158.0,158.0,1.0,0.0,0.0
97,4,eine,2.0,0.0,0.0,395.0,197.5,1.0,1.0,1.0
98,4,Wellenlänge,6.0,338.0,338.0,1462.0,243.66666666666677,1.0,5.0,1.0
99,4,des,1.0,0.0,0.0,189.0,189.0,1.0,0.0,0.0
100,4,beleuchtenden,6.0,273.0,450.0,1219.0,203.1666666666667,1.0,5.0,1.0
101,4,Lichtes,6.0,310.0,310.0,1514.0,252.33333333333323,1.0,5.0,1.0
102,4,sind,3.0,187.0,187.0,727.0,242.33333333333323,1.0,2.0,1.0
103,5,Befindet,2.0,261.0,261.0,506.0,253.0,1.0,1.0,1.0
104,5,sich,1.0,120.0,120.0,120.0,120.0,1.0,0.0,0.0
105,5,ein,1.0,0.0,0.0,274.0,274.0,1.0,0.0,0.0
106,5,Atom,2.0,183.0,183.0,499.0,249.5,1.0,1.0,1.0
107,5,in,0.0,0.0,0.0,0.0,0.0,0.0,0.0,0.0
108,5,einem,1.0,491.0,491.0,491.0,491.0,1.0,0.0,0.0
109,5,Kristallgitter,4.0,308.0,659.0,1147.0,286.75,1.0,3.0,1.0
110,5,überträgt,3.0,404.0,404.0,903.0,301.0,1.0,2.0,1.0
111,5,sich,0.0,0.0,0.0,0.0,0.0,0.0,0.0,0.0
112,5,der,1.0,265.0,265.0,265.0,265.0,1.0,0.0,0.0
113,5,Rückstoß,4.0,340.0,340.0,877.0,219.25,1.0,3.0,1.0
114,5,auf,3.0,0.0,0.0,799.0,266.3333333333332,1.0,2.0,1.0
115,5,dieses,3.0,418.0,418.0,897.0,299.0,1.0,2.0,1.0
116,5,und,2.0,0.0,0.0,540.0,270.0,1.0,1.0,1.0
117,5,die,2.0,271.0,271.0,518.0,259.0,1.0,1.0,1.0
118,5,Energie,6.0,264.0,264.0,1581.0,263.5,1.0,5.0,1.0
119,5,von,3.0,0.0,0.0,579.0,193.0,1.0,2.0,1.0
120,5,absorbiertem,15.0,315.0,906.0,3894.0,259.60000000000014,1.0,14.0,1.0
121,5,und,1.0,0.0,0.0,160.0,160.0,1.0,0.0,0.0
122,5,emittiertem,7.0,194.0,514.0,1663.0,237.5714285714285,1.0,6.0,1.0
123,5,Photon,4.0,0.0,0.0,887.0,221.75,1.0,3.0,1.0
124,5,entsprechen,7.0,175.0,468.0,1876.0,268.0,1.0,6.0,1.0
125,5,in,0.0,0.0,0.0,0.0,0.0,0.0,0.0,0.0
126,5,etwa,2.0,0.0,0.0,330.0,165.0,1.0,1.0,1.0
127,5,der,3.0,357.0,357.0,838.0,279.3333333333332,1.0,2.0,1.0
128,5,Anregungsenergie,11.0,314.0,1120.0,4111.0,373.7272727272727,1.0,10.0,1.0
129,6,Die,0.0,0.0,0.0,0.0,0.0,0.0,0.0,0.0
130,6,Ionen,1.0,354.0,354.0,354.0,354.0,1.0,0.0,0.0
131,6,durchlaufen,2.0,156.0,386.0,386.0,193.0,1.0,1.0,1.0
132,6,deshalb,3.0,45.0,284.0,284.0,94.66666666666666,1.0,2.0,1.0
133,6,eine,0.0,0.0,0.0,0.0,0.0,0.0,0.0,0.0
134,6,spiralartige,1.0,429.0,429.0,429.0,429.0,1.0,0.0,0.0
135,6,Bahn,1.0,346.0,346.0,346.0,346.0,1.0,0.0,0.0
136,6,die,0.0,0.0,0.0,0.0,0.0,0.0,0.0,0.0
137,6,aus,1.0,350.0,350.0,350.0,350.0,1.0,0.0,0.0
138,6,lauter,2.0,282.0,282.0,489.0,244.5,1.0,1.0,1.0
139,6,Halbkreisen,1.0,332.0,332.0,332.0,332.0,1.0,0.0,0.0
140,6,mit,1.0,0.0,0.0,194.0,194.0,1.0,0.0,0.0
141,6,wachsenden,2.0,253.0,253.0,428.0,214.0,1.0,1.0,1.0
142,6,Radien,1.0,267.0,267.0,267.0,267.0,1.0,0.0,0.0
143,6,besteht,1.0,162.0,162.0,162.0,162.0,1.0,0.0,0.0
144,6,bis,0.0,0.0,0.0,0.0,0.0,0.0,0.0,0.0
145,6,sie,1.0,253.0,253.0,253.0,253.0,1.0,0.0,0.0
146,6,den,0.0,0.0,0.0,0.0,0.0,0.0,0.0,0.0
147,6,Rand,1.0,228.0,228.0,228.0,228.0,1.0,0.0,0.0
148,6,des,1.0,160.0,160.0,160.0,160.0,1.0,0.0,0.0
149,6,Magnetfeldes,2.0,59.0,347.0,347.0,173.5,1.0,1.0,1.0
150,6,erreicht,1.0,279.0,279.0,279.0,279.0,1.0,0.0,0.0
151,6,haben,1.0,209.0,209.0,209.0,209.0,1.0,0.0,0.0
152,6,und,0.0,0.0,0.0,0.0,0.0,0.0,0.0,0.0
153,6,dort,0.0,0.0,0.0,0.0,0.0,0.0,0.0,0.0
154,6,durch,1.0,291.0,291.0,291.0,291.0,1.0,0.0,0.0
155,6,ein,1.0,250.0,250.0,250.0,250.0,1.0,0.0,0.0
156,6,elektrisches,1.0,214.0,214.0,214.0,214.0,1.0,0.0,0.0
157,6,Ablenkfeld,1.0,426.0,426.0,426.0,426.0,1.0,0.0,0.0
158,6,extrahiert,2.0,247.0,446.0,446.0,223.0,1.0,1.0,1.0
159,6,werden,1.0,258.0,258.0,258.0,258.0,1.0,0.0,0.0
160,6,können,2.0,271.0,271.0,271.0,135.5,1.0,1.0,1.0
161,7,Für,0.0,0.0,0.0,0.0,0.0,0.0,0.0,0.0
162,7,die,2.0,313.0,313.0,527.0,263.5,1.0,1.0,1.0
163,7,Aufnahme,5.0,274.0,274.0,1718.0,343.6000000000002,1.0,4.0,1.0
164,7,mineralischer,7.0,278.0,278.0,1769.0,252.71428571428558,1.0,6.0,1.0
165,7,Nährstoffe,3.0,419.0,704.0,872.0,290.66666666666674,1.0,2.0,1.0
166,7,ist,1.0,182.0,182.0,182.0,182.0,1.0,0.0,0.0
167,7,die,1.0,0.0,0.0,176.0,176.0,1.0,0.0,0.0
168,7,Wurzelarchitektur,4.0,206.0,906.0,1217.0,304.25,1.0,3.0,1.0
169,7,von,1.0,182.0,182.0,182.0,182.0,1.0,0.0,0.0
170,7,ganz,2.0,0.0,0.0,203.0,101.5,1.0,1.0,1.0
171,7,besonderer,4.0,0.0,0.0,885.0,221.25,1.0,3.0,1.0
172,7,Bedeutung,3.0,155.0,155.0,549.0,183.0,1.0,2.0,1.0
173,7,weil,1.0,0.0,0.0,226.0,226.0,1.0,0.0,0.0
174,7,sich,2.0,198.0,198.0,392.0,196.0,1.0,1.0,1.0
175,7,unterschiedliche,2.0,250.0,250.0,477.0,238.5,1.0,1.0,1.0
176,7,Mineralstoffe,2.0,255.0,255.0,706.0,353.0,1.0,1.0,1.0
177,7,ganz,0.0,0.0,0.0,0.0,0.0,0.0,0.0,0.0
178,7,verschieden,4.0,251.0,437.0,908.0,227.0,1.0,3.0,1.0
179,7,verhalten,4.0,260.0,260.0,957.0,239.25,1.0,3.0,1.0
180,7,und,0.0,0.0,0.0,0.0,0.0,0.0,0.0,0.0
181,7,durch,3.0,374.0,474.0,604.0,201.3333333333333,1.0,2.0,1.0
182,7,verschiedenartige,4.0,108.0,356.0,773.0,193.25,1.0,3.0,1.0
183,7,Kräfte,2.0,511.0,511.0,746.0,373.0,1.0,1.0,1.0
184,7,im,0.0,0.0,0.0,0.0,0.0,0.0,0.0,0.0
185,7,Boden,1.0,199.0,199.0,199.0,199.0,1.0,0.0,0.0
186,7,gehalten,1.0,250.0,250.0,250.0,250.0,1.0,0.0,0.0
187,7,werden,1.0,0.0,0.0,239.0,239.0,1.0,0.0,0.0
188,8,In,0.0,0.0,0.0,0.0,0.0,0.0,0.0,0.0
189,8,den,5.0,203.0,203.0,1175.0,235.0,1.0,4.0,1.0
190,8,nicht,3.0,0.0,0.0,710.0,236.66666666666677,1.0,2.0,1.0
191,8,muskulären,10.0,216.0,295.0,2299.0,229.8999999999999,1.0,9.0,1.0
192,8,Zellen,2.0,461.0,461.0,787.0,393.5,1.0,1.0,1.0
193,8,beispielsweise,4.0,384.0,384.0,978.0,244.5,1.0,3.0,1.0
194,8,registriert,4.0,361.0,361.0,1288.0,322.0,1.0,3.0,1.0
195,8,eine,4.0,160.0,160.0,830.0,207.5,1.0,3.0,1.0
196,8,Calmodulinkette,12.0,180.0,1942.0,4010.0,334.1666666666667,1.0,11.0,1.0
197,8,die,0.0,0.0,0.0,0.0,0.0,0.0,0.0,0.0
198,8,Anwesenheit,2.0,295.0,295.0,601.0,300.5,1.0,1.0,1.0
199,8,von,0.0,0.0,0.0,0.0,0.0,0.0,0.0,0.0
200,8,Calciumionen,7.0,242.0,1273.0,1877.0,268.14285714285705,1.0,6.0,1.0
201,8,und,0.0,0.0,0.0,0.0,0.0,0.0,0.0,0.0
202,8,ermöglicht,3.0,187.0,388.0,886.0,295.33333333333326,1.0,2.0,1.0
203,8,die,1.0,0.0,0.0,168.0,168.0,1.0,0.0,0.0
204,8,Bindung,2.0,363.0,363.0,562.0,281.0,1.0,1.0,1.0
205,8,von,0.0,0.0,0.0,0.0,0.0,0.0,0.0,0.0
206,8,Myosin,6.0,319.0,319.0,2704.0,450.66666666666646,1.0,5.0,1.0
207,8,an,1.0,256.0,256.0,256.0,256.0,1.0,0.0,0.0
208,8,Aktin,6.0,470.0,470.0,2125.0,354.16666666666663,1.0,5.0,1.0
209,9,Ein,1.0,46.0,46.0,277.0,277.0,1.0,0.0,0.0
210,9,Prion,8.0,0.0,0.0,2086.0,260.75,1.0,7.0,1.0
211,9,ist,3.0,0.0,0.0,757.0,252.33333333333323,1.0,2.0,1.0
212,9,ein,2.0,0.0,0.0,479.0,239.5,1.0,1.0,1.0
213,9,infektiöses,10.0,0.0,0.0,2779.0,277.89999999999986,1.0,9.0,1.0
214,9,Protein,5.0,0.0,0.0,1241.0,248.19999999999987,1.0,4.0,1.0
215,9,das,1.0,0.0,0.0,229.0,229.0,1.0,0.0,0.0
216,9,von,1.0,0.0,0.0,283.0,283.0,1.0,0.0,0.0
217,9,einem,4.0,0.0,0.0,370.0,92.5,1.0,3.0,1.0
218,9,endogenen,4.0,0.0,0.0,997.0,249.25,1.0,3.0,1.0
219,9,zellulären,8.0,0.0,0.0,2047.0,255.875,1.0,7.0,1.0
220,9,Protein,6.0,0.0,0.0,2399.0,399.8333333333334,1.0,5.0,1.0
221,9,abstammt,6.0,0.0,0.0,1449.0,241.5,1.0,5.0,1.0
222,9,und,1.0,0.0,0.0,272.0,272.0,1.0,0.0,0.0
223,9,dessen,4.0,0.0,0.0,1294.0,323.5,1.0,3.0,1.0
224,9,Primärstruktur,9.0,0.0,0.0,2806.0,311.77777777777754,1.0,8.0,1.0
225,9,besitzt,5.0,0.0,0.0,1578.0,315.6000000000002,1.0,4.0,1.0
226,9,sich,0.0,0.0,0.0,0.0,0.0,0.0,0.0,0.0
227,9,aber,5.0,0.0,0.0,1039.0,207.80000000000013,1.0,4.0,1.0
228,9,in,1.0,0.0,0.0,206.0,206.0,1.0,0.0,0.0
229,9,Sekundär-,7.0,0.0,0.0,1730.0,247.14285714285705,1.0,6.0,1.0
230,9,Tertiär-,5.0,0.0,0.0,1144.0,228.80000000000013,1.0,4.0,1.0
231,9,und,0.0,0.0,0.0,0.0,0.0,0.0,0.0,0.0
232,9,Quartärstrukturen,8.0,0.0,0.0,2346.0,293.25,1.0,7.0,1.0
233,9,von,0.0,0.0,0.0,0.0,0.0,0.0,0.0,0.0
234,9,diesem,3.0,0.0,0.0,666.0,222.0,1.0,2.0,1.0
235,9,unterscheidet,4.0,0.0,0.0,870.0,217.5,1.0,3.0,1.0
236,10,Das,3.0,0.0,0.0,499.0,166.33333333333334,1.0,2.0,1.0
237,10,Molekül,5.0,0.0,0.0,1408.0,281.60000000000014,1.0,4.0,1.0
238,10,des,7.0,21.0,21.0,453.0,64.71428571428574,1.0,6.0,1.0
239,10,Ethidiumbromids,4.0,87.0,130.0,445.0,111.25,1.0,3.0,1.0
240,10,ist,1.0,239.0,239.0,239.0,239.0,1.0,0.0,0.0
241,10,planar,1.0,461.0,461.0,461.0,461.0,1.0,0.0,0.0
242,10,und,0.0,0.0,0.0,0.0,0.0,0.0,0.0,0.0
243,10,kann,3.0,250.0,459.0,690.0,230.0,1.0,2.0,1.0
244,10,sich,1.0,0.0,0.0,174.0,174.0,1.0,0.0,0.0
245,10,zwischen,3.0,158.0,158.0,405.0,135.0,1.0,2.0,1.0
246,10,den,0.0,0.0,0.0,0.0,0.0,0.0,0.0,0.0
247,10,Basen,1.0,356.0,356.0,356.0,356.0,1.0,0.0,0.0
248,10,der,1.0,226.0,226.0,226.0,226.0,1.0,0.0,0.0
249,10,DNA-Fragmente,3.0,274.0,274.0,720.0,240.0,1.0,2.0,1.0
250,10,einlagern,3.0,340.0,563.0,789.0,263.0,1.0,2.0,1.0
251,11,Eine,1.0,359.0,359.0,359.0,359.0,1.0,0.0,0.0
252,11,chlorophyllhaltige,17.0,192.0,1555.0,4036.0,237.41176470588223,1.0,16.0,1.0
253,11,Parenchymzelle,18.0,285.0,1877.0,4820.0,267.7777777777776,1.0,17.0,1.0
254,11,in,0.0,0.0,0.0,0.0,0.0,0.0,0.0,0.0
255,11,einem,7.0,310.0,310.0,2514.0,359.14285714285705,1.0,6.0,1.0
256,11,Angiospermenblatt,32.0,849.0,6233.0,9903.0,309.46875,1.0,31.0,1.0
257,11,exportiert,7.0,332.0,332.0,1670.0,238.5714285714285,1.0,6.0,1.0
258,11,organisches,5.0,244.0,244.0,1381.0,276.1999999999999,1.0,4.0,1.0
259,11,Material,3.0,340.0,340.0,1026.0,342.0,1.0,2.0,1.0
260,11,in,0.0,0.0,0.0,0.0,0.0,0.0,0.0,0.0
261,11,Form,2.0,0.0,0.0,660.0,330.0,1.0,1.0,1.0
262,11,von,2.0,304.0,304.0,304.0,152.0,1.0,1.0,1.0
263,11,Saccharose,5.0,140.0,577.0,1265.0,253.0,1.0,4.0,1.0
264,11,aus,1.0,274.0,274.0,274.0,274.0,1.0,0.0,0.0
265,11,der,2.0,0.0,0.0,370.0,185.0,1.0,1.0,1.0
266,11,Zelle,2.0,459.0,459.0,676.0,338.0,1.0,1.0,1.0
267,11,und,1.0,382.0,382.0,382.0,382.0,1.0,0.0,0.0
268,11,versorgt,2.0,272.0,272.0,506.0,253.0,1.0,1.0,1.0
269,11,damit,0.0,0.0,0.0,0.0,0.0,0.0,0.0,0.0
270,11,selbst,3.0,235.0,567.0,801.0,267.0,1.0,2.0,1.0
271,11,in,0.0,0.0,0.0,0.0,0.0,0.0,0.0,0.0
272,11,der,0.0,0.0,0.0,0.0,0.0,0.0,0.0,0.0
273,11,Nacht,3.0,199.0,199.0,601.0,200.3333333333333,1.0,2.0,1.0
274,11,alle,1.0,255.0,255.0,255.0,255.0,1.0,0.0,0.0
275,11,chlorophyllfreien,5.0,302.0,1212.0,1473.0,294.6000000000002,1.0,4.0,1.0
276,11,Zellen,1.0,583.0,583.0,583.0,583.0,1.0,0.0,0.0
277,11,der,1.0,0.0,0.0,195.0,195.0,1.0,0.0,0.0
278,11,Pflanze,3.0,430.0,662.0,839.0,279.6666666666668,1.0,2.0,1.0
279,12,Saccharose,3.0,292.0,509.0,976.0,325.3333333333333,1.0,2.0,1.0
280,12,ist,0.0,0.0,0.0,0.0,0.0,0.0,0.0,0.0
281,12,ein,1.0,209.0,209.0,209.0,209.0,1.0,0.0,0.0
282,12,Dimer,5.0,515.0,515.0,1612.0,322.3999999999998,1.0,4.0,1.0
283,12,und,0.0,0.0,0.0,0.0,0.0,0.0,0.0,0.0
284,12,wirkt,3.0,344.0,344.0,822.0,274.0,1.0,2.0,1.0
285,12,nicht,2.0,241.0,241.0,482.0,241.0,1.0,1.0,1.0
286,12,reduzierend,4.0,376.0,376.0,1072.0,268.0,1.0,3.0,1.0
287,12,sie,4.0,197.0,197.0,737.0,184.25,1.0,3.0,1.0
288,12,wird,0.0,0.0,0.0,0.0,0.0,0.0,0.0,0.0
289,12,in,3.0,0.0,0.0,925.0,308.33333333333326,1.0,2.0,1.0
290,12,der,1.0,136.0,136.0,136.0,136.0,1.0,0.0,0.0
291,12,Pflanze,2.0,298.0,298.0,486.0,243.0,1.0,1.0,1.0
292,12,vor,0.0,0.0,0.0,0.0,0.0,0.0,0.0,0.0
293,12,allem,2.0,318.0,318.0,620.0,310.0,1.0,1.0,1.0
294,12,als,1.0,233.0,233.0,233.0,233.0,1.0,0.0,0.0
295,12,leicht,2.0,374.0,374.0,696.0,348.0,1.0,1.0,1.0
296,12,verfügbarer,2.0,277.0,277.0,587.0,293.5,1.0,1.0,1.0
297,12,Speicherstoff,5.0,341.0,518.0,1154.0,230.80000000000013,1.0,4.0,1.0
298,12,verwendet,4.0,298.0,298.0,1389.0,347.25,1.0,3.0,1.0
299,13,Es,0.0,0.0,0.0,0.0,0.0,0.0,0.0,0.0
300,13,entsteht,3.0,256.0,256.0,752.0,250.66666666666677,1.0,2.0,1.0
301,13,eine,0.0,0.0,0.0,0.0,0.0,0.0,0.0,0.0
302,13,Replikationslücke,10.0,292.0,1278.0,2517.0,251.69999999999987,1.0,9.0,1.0
303,13,im,3.0,174.0,174.0,353.0,117.66666666666661,1.0,2.0,1.0
304,13,Tochterstrang,8.0,188.0,941.0,2112.0,264.0,1.0,7.0,1.0
305,13,die,0.0,0.0,0.0,0.0,0.0,0.0,0.0,0.0
306,13,über,2.0,307.0,307.0,534.0,267.0,1.0,1.0,1.0
307,13,800,0.0,0.0,0.0,0.0,0.0,0.0,0.0,0.0
308,13,Basen,2.0,434.0,434.0,876.0,438.0,1.0,1.0,1.0
309,13,umfassen,3.0,242.0,402.0,603.0,201.0,1.0,2.0,1.0
310,13,kann,1.0,156.0,156.0,156.0,156.0,1.0,0.0,0.0
311,14,Nur,0.0,0.0,0.0,0.0,0.0,0.0,0.0,0.0
312,14,nach,2.0,252.0,252.0,617.0,308.5,1.0,1.0,1.0
313,14,dem,2.0,0.0,0.0,523.0,261.5,1.0,1.0,1.0
314,14,Entstehen,3.0,156.0,156.0,480.0,160.0,1.0,2.0,1.0
315,14,eines,4.0,77.0,152.0,485.0,121.25,1.0,3.0,1.0
316,14,solchen,0.0,0.0,0.0,0.0,0.0,0.0,0.0,0.0
317,14,Komplexes,3.0,314.0,314.0,729.0,243.0,1.0,2.0,1.0
318,14,und,0.0,0.0,0.0,0.0,0.0,0.0,0.0,0.0
319,14,durch,2.0,263.0,263.0,263.0,131.5,1.0,1.0,1.0
320,14,das,0.0,0.0,0.0,0.0,0.0,0.0,0.0,0.0
321,14,Beleuchten,5.0,338.0,338.0,1523.0,304.6000000000002,1.0,4.0,1.0
322,14,mit,2.0,0.0,0.0,360.0,180.0,1.0,1.0,1.0
323,14,UV-Licht,5.0,285.0,285.0,1205.0,241.0,1.0,4.0,1.0
324,14,kann,1.0,201.0,201.0,421.0,421.0,1.0,0.0,0.0
325,14,man,2.0,0.0,0.0,555.0,277.5,1.0,1.0,1.0
326,14,die,1.0,155.0,155.0,155.0,155.0,1.0,0.0,0.0
327,14,Polymerasekettenreaktion-Produkte,17.0,351.0,1206.0,1794.0,105.52941176470587,1.0,16.0,1.0
328,14,in,0.0,0.0,0.0,0.0,0.0,0.0,0.0,0.0
329,14,Form,2.0,294.0,294.0,511.0,255.5,1.0,1.0,1.0
330,14,von,1.0,0.0,0.0,538.0,538.0,1.0,0.0,0.0
331,14,Banden,4.0,254.0,254.0,1183.0,295.75,1.0,3.0,1.0
332,14,sehen,3.0,123.0,123.0,625.0,208.3333333333333,1.0,2.0,1.0
333,14,und,0.0,0.0,0.0,0.0,0.0,0.0,0.0,0.0
334,14,fotografieren,3.0,670.0,875.0,1216.0,405.3333333333334,1.0,2.0,1.0
335,15,Andere,3.0,241.0,241.0,990.0,330.0,1.0,2.0,1.0
336,15,essenzielle,5.0,289.0,457.0,1165.0,233.0,1.0,4.0,1.0
337,15,Mineralstoffe,4.0,218.0,218.0,1101.0,275.25,1.0,3.0,1.0
338,15,wie,1.0,283.0,283.0,283.0,283.0,1.0,0.0,0.0
339,15,Phosphat,2.0,309.0,309.0,586.0,293.0,1.0,1.0,1.0
340,15,sind,0.0,0.0,0.0,0.0,0.0,0.0,0.0,0.0
341,15,jedoch,2.0,233.0,233.0,423.0,211.5,1.0,1.0,1.0
342,15,fest,1.0,0.0,0.0,243.0,243.0,1.0,0.0,0.0
343,15,im,2.0,275.0,275.0,504.0,252.0,1.0,1.0,1.0
344,15,Boden,2.0,110.0,110.0,276.0,138.0,1.0,1.0,1.0
345,15,gebunden,2.0,0.0,0.0,546.0,273.0,1.0,1.0,1.0
346,15,sie,2.0,114.0,114.0,236.0,118.0,1.0,1.0,1.0
347,15,haben,3.0,328.0,496.0,762.0,254.0,1.0,2.0,1.0
348,15,niedrige,2.0,152.0,152.0,346.0,173.0,1.0,1.0,1.0
349,15,Diffusionskoeffizienten,5.0,300.0,615.0,1292.0,258.39999999999986,1.0,4.0,1.0
350,16,Liegt,5.0,262.0,262.0,1181.0,236.19999999999987,1.0,4.0,1.0
351,16,das,4.0,0.0,0.0,972.0,243.0,1.0,3.0,1.0
352,16,Minimum,5.0,156.0,156.0,1658.0,331.6000000000002,1.0,4.0,1.0
353,16,der,3.0,197.0,197.0,563.0,187.66666666666669,1.0,2.0,1.0
354,16,Elektronenparabel,15.0,0.0,0.0,3391.0,226.06666666666663,1.0,14.0,1.0
355,16,im,0.0,0.0,0.0,0.0,0.0,0.0,0.0,0.0
356,16,Valenzband,6.0,0.0,0.0,1385.0,230.83333333333323,1.0,5.0,1.0
357,16,senkrecht,3.0,0.0,0.0,856.0,285.33333333333326,1.0,2.0,1.0
358,16,über,2.0,0.0,0.0,827.0,413.5,1.0,1.0,1.0
359,16,dem,1.0,0.0,0.0,246.0,246.0,1.0,0.0,0.0
360,16,Maximum,4.0,0.0,0.0,1066.0,266.5,1.0,3.0,1.0
361,16,der,1.0,0.0,0.0,213.0,213.0,1.0,0.0,0.0
362,16,Löcherparabel,3.0,0.0,0.0,1183.0,394.3333333333334,1.0,2.0,1.0
363,16,so,0.0,0.0,0.0,0.0,0.0,0.0,0.0,0.0
364,16,sind,2.0,0.0,0.0,525.0,262.5,1.0,1.0,1.0
365,16,senkrechte,2.0,0.0,0.0,551.0,275.5,1.0,1.0,1.0
366,16,Übergänge,2.0,0.0,0.0,537.0,268.5,1.0,1.0,1.0
367,16,bereits,3.0,309.0,309.0,844.0,281.3333333333332,1.0,2.0,1.0
368,16,ab,1.0,0.0,0.0,189.0,189.0,1.0,0.0,0.0
369,16,Photonenenergien,6.0,0.0,0.0,2381.0,396.8333333333334,1.0,5.0,1.0
370,16,in,2.0,0.0,0.0,378.0,189.0,1.0,1.0,1.0
371,16,der,0.0,0.0,0.0,0.0,0.0,0.0,0.0,0.0
372,16,Größe,2.0,0.0,0.0,556.0,278.0,1.0,1.0,1.0
373,16,der,0.0,0.0,0.0,0.0,0.0,0.0,0.0,0.0
374,16,Bandlücke,2.0,0.0,0.0,653.0,326.5,1.0,1.0,1.0
375,16,möglich,2.0,0.0,0.0,664.0,332.0,1.0,1.0,1.0
376,17,In,1.0,0.0,0.0,175.0,175.0,1.0,0.0,0.0
377,17,den,2.0,187.0,187.0,383.0,191.5,1.0,1.0,1.0
378,17,besser,3.0,366.0,366.0,819.0,273.0,1.0,2.0,1.0
379,17,versorgten,3.0,267.0,267.0,758.0,252.66666666666677,1.0,2.0,1.0
380,17,Regionen,4.0,253.0,631.0,1271.0,317.75,1.0,3.0,1.0
381,17,sind,1.0,237.0,237.0,237.0,237.0,1.0,0.0,0.0
382,17,Wurzeln,3.0,0.0,0.0,816.0,272.0,1.0,2.0,1.0
383,17,oft,2.0,180.0,180.0,350.0,175.0,1.0,1.0,1.0
384,17,stark,4.0,400.0,400.0,1039.0,259.75,1.0,3.0,1.0
385,17,verzweigt,3.0,416.0,416.0,919.0,306.33333333333326,1.0,2.0,1.0
386,18,Die,0.0,0.0,0.0,0.0,0.0,0.0,0.0,0.0
387,18,Photonenenergie,9.0,304.0,1134.0,2273.0,252.55555555555563,1.0,8.0,1.0
388,18,wird,1.0,298.0,298.0,298.0,298.0,1.0,0.0,0.0
389,18,dabei,2.0,0.0,0.0,361.0,180.5,1.0,1.0,1.0
390,18,zum,0.0,0.0,0.0,0.0,0.0,0.0,0.0,0.0
391,18,einen,3.0,163.0,442.0,802.0,267.3333333333332,1.0,2.0,1.0
392,18,als,2.0,0.0,0.0,451.0,225.5,1.0,1.0,1.0
393,18,Rückstoßenergie,5.0,361.0,585.0,1316.0,263.1999999999999,1.0,4.0,1.0
394,18,und,2.0,219.0,219.0,410.0,205.0,1.0,1.0,1.0
395,18,zum,1.0,0.0,0.0,330.0,330.0,1.0,0.0,0.0
396,18,anderen,3.0,204.0,204.0,589.0,196.3333333333333,1.0,2.0,1.0
397,18,als,1.0,238.0,238.0,238.0,238.0,1.0,0.0,0.0
398,18,Anregungsenergie,9.0,356.0,1438.0,2654.0,294.88888888888874,1.0,8.0,1.0
399,18,auf,0.0,0.0,0.0,0.0,0.0,0.0,0.0,0.0
400,18,das,1.0,0.0,0.0,186.0,186.0,1.0,0.0,0.0
401,18,Atom,2.0,336.0,336.0,589.0,294.5,1.0,1.0,1.0
402,18,übertragen,4.0,239.0,239.0,823.0,205.75,1.0,3.0,1.0
403,19,Um,2.0,0.0,0.0,199.0,99.5,1.0,1.0,1.0
404,19,DNA-Fragmente,2.0,0.0,0.0,617.0,308.5,1.0,1.0,1.0
405,19,sichtbar,5.0,0.0,0.0,1021.0,204.1999999999999,1.0,4.0,1.0
406,19,zu,0.0,0.0,0.0,0.0,0.0,0.0,0.0,0.0
407,19,machen,1.0,156.0,156.0,156.0,156.0,1.0,0.0,0.0
408,19,behandelt,2.0,296.0,296.0,584.0,292.0,1.0,1.0,1.0
409,19,man,1.0,279.0,279.0,279.0,279.0,1.0,0.0,0.0
410,19,das,0.0,0.0,0.0,0.0,0.0,0.0,0.0,0.0
411,19,Gel,1.0,280.0,280.0,280.0,280.0,1.0,0.0,0.0
412,19,mit,0.0,0.0,0.0,0.0,0.0,0.0,0.0,0.0
413,19,einer,1.0,274.0,274.0,274.0,274.0,1.0,0.0,0.0
414,19,wässrigen,1.0,367.0,367.0,367.0,367.0,1.0,0.0,0.0
415,19,Lösung,1.0,0.0,0.0,0.0,0.0,1.0,0.0,0.0
416,19,von,1.0,229.0,229.0,426.0,426.0,1.0,0.0,0.0
417,19,Ethidiumbromid,15.0,314.0,1112.0,3534.0,235.6000000000001,1.0,14.0,1.0
418,20,Sie,0.0,0.0,0.0,372.0,0.0,0.0,0.0,0.0
419,20,können,2.0,0.0,0.0,671.0,335.5,1.0,1.0,1.0
420,20,deshalb,3.0,0.0,0.0,841.0,280.3333333333332,1.0,2.0,1.0
421,20,keine,2.0,167.0,167.0,813.0,406.5,1.0,1.0,1.0
422,20,elementaren,1.0,308.0,308.0,679.0,679.0,1.0,0.0,0.0
423,20,Teilchen,1.0,0.0,0.0,0.0,0.0,1.0,0.0,0.0
424,20,sein,0.0,0.0,0.0,0.0,0.0,0.0,0.0,0.0
425,20,sondern,1.0,0.0,0.0,0.0,0.0,1.0,0.0,0.0
426,20,müssen,0.0,0.0,0.0,0.0,0.0,0.0,0.0,0.0
427,20,aus,0.0,0.0,0.0,0.0,0.0,0.0,0.0,0.0
428,20,wirklich,2.0,0.0,0.0,0.0,0.0,1.0,1.0,1.0
429,20,elementaren,4.0,205.0,205.0,803.0,200.75,1.0,3.0,1.0
430,20,Teilchen,2.0,172.0,415.0,415.0,207.5,1.0,1.0,1.0
431,20,bestehen,4.0,295.0,655.0,956.0,239.0,1.0,3.0,1.0
432,21,Der,4.0,186.0,186.0,619.0,154.75,1.0,3.0,1.0
433,21,Begriff,7.0,193.0,508.0,1642.0,234.5714285714285,1.0,6.0,1.0
434,21,Amyloid,7.0,224.0,600.0,2229.0,318.4285714285714,1.0,6.0,1.0
435,21,ist,2.0,0.0,0.0,627.0,313.5,1.0,1.0,1.0
436,21,allgemein,4.0,273.0,273.0,1008.0,252.0,1.0,3.0,1.0
437,21,gehalten,5.0,444.0,444.0,1546.0,309.2,1.0,4.0,1.0
438,21,und,0.0,0.0,0.0,0.0,0.0,0.0,0.0,0.0
439,21,umfasst,3.0,313.0,313.0,917.0,305.66666666666674,1.0,2.0,1.0
440,21,Proteinaggregate,15.0,279.0,1530.0,4154.0,276.93333333333334,1.0,14.0,1.0
441,21,die,0.0,0.0,0.0,0.0,0.0,0.0,0.0,0.0
442,21,auf,4.0,280.0,280.0,1098.0,274.5,1.0,3.0,1.0
443,21,eine,0.0,0.0,0.0,0.0,0.0,0.0,0.0,0.0
444,21,besondere,2.0,253.0,253.0,573.0,286.5,1.0,1.0,1.0
445,21,physikalisch-chemische,6.0,248.0,389.0,1320.0,220.0,1.0,5.0,1.0
446,21,Weise,2.0,142.0,142.0,339.0,169.5,1.0,1.0,1.0
447,21,angeordnet,2.0,263.0,263.0,631.0,315.5,1.0,1.0,1.0
448,21,sind,1.0,272.0,272.0,272.0,272.0,1.0,0.0,0.0
449,21,eine,1.0,0.0,0.0,204.0,204.0,1.0,0.0,0.0
450,21,Fadenform,3.0,301.0,531.0,762.0,254.0,1.0,2.0,1.0
451,21,in,0.0,0.0,0.0,0.0,0.0,0.0,0.0,0.0
452,21,der,2.0,0.0,0.0,395.0,197.5,1.0,1.0,1.0
453,21,zum,2.0,322.0,322.0,646.0,323.0,1.0,1.0,1.0
454,21,Großteil,4.0,364.0,364.0,938.0,234.5,1.0,3.0,1.0
455,21,β-Faltblattstrukturen,8.0,452.0,958.0,2149.0,268.625,1.0,7.0,1.0
456,21,zu,0.0,0.0,0.0,0.0,0.0,0.0,0.0,0.0
457,21,finden,3.0,212.0,212.0,667.0,222.33333333333323,1.0,2.0,1.0
458,21,sind,3.0,238.0,238.0,526.0,175.33333333333331,1.0,2.0,1.0
459,21,und,1.0,0.0,0.0,106.0,106.0,1.0,0.0,0.0
460,21,in,1.0,0.0,0.0,260.0,260.0,1.0,0.0,0.0
461,21,der,3.0,0.0,0.0,580.0,193.33333333333331,1.0,2.0,1.0
462,21,eine,1.0,162.0,162.0,162.0,162.0,1.0,0.0,0.0
463,21,Doppelbrechung,6.0,391.0,568.0,1625.0,270.8333333333332,1.0,5.0,1.0
464,21,von,1.0,0.0,0.0,197.0,197.0,1.0,0.0,0.0
465,21,polarisiertem,6.0,355.0,576.0,1599.0,266.5,1.0,5.0,1.0
466,21,Licht,4.0,251.0,251.0,896.0,224.0,1.0,3.0,1.0
467,21,nach,2.0,0.0,0.0,452.0,226.0,1.0,1.0,1.0
468,21,Färbung,4.0,256.0,256.0,1246.0,311.5,1.0,3.0,1.0
469,21,mit,1.0,0.0,0.0,269.0,269.0,1.0,0.0,0.0
470,21,Kongorot,6.0,256.0,685.0,1808.0,301.33333333333326,1.0,5.0,1.0
471,21,auftritt,2.0,513.0,513.0,987.0,493.5,1.0,1.0,1.0
472,22,Ein,1.0,277.0,277.0,277.0,277.0,1.0,0.0,0.0
473,22,extensiv,6.0,329.0,329.0,1588.0,264.6666666666668,1.0,5.0,1.0
474,22,ausgebildetes,6.0,363.0,363.0,2436.0,406.0,1.0,5.0,1.0
475,22,Wurzelsystem,3.0,341.0,341.0,1013.0,337.6666666666667,1.0,2.0,1.0
476,22,mit,1.0,195.0,195.0,195.0,195.0,1.0,0.0,0.0
477,22,größeren,3.0,328.0,328.0,679.0,226.33333333333323,1.0,2.0,1.0
478,22,Zwischenräumen,5.0,419.0,556.0,1208.0,241.6000000000001,1.0,4.0,1.0
479,22,dagegen,4.0,0.0,0.0,938.0,234.5,1.0,3.0,1.0
480,22,kann,2.0,131.0,131.0,397.0,198.5,1.0,1.0,1.0
481,22,die,1.0,0.0,0.0,290.0,290.0,1.0,0.0,0.0
482,22,Nitrataufnahme,5.0,349.0,645.0,1720.0,344.0,1.0,4.0,1.0
483,22,maximieren,3.0,312.0,312.0,1131.0,377.0,1.0,2.0,1.0
484,23,Der,2.0,0.0,0.0,389.0,194.5,1.0,1.0,1.0
485,23,Kopf,3.0,129.0,129.0,701.0,233.66666666666677,1.0,2.0,1.0
486,23,besitzt,3.0,305.0,305.0,762.0,254.0,1.0,2.0,1.0
487,23,eine,3.0,0.0,0.0,565.0,188.33333333333331,1.0,2.0,1.0
488,23,Aktin-,5.0,254.0,413.0,1040.0,208.0,1.0,4.0,1.0
489,23,und,0.0,0.0,0.0,0.0,0.0,0.0,0.0,0.0
490,23,eine,1.0,196.0,196.0,196.0,196.0,1.0,0.0,0.0
491,23,ATP-Bindungsstelle,10.0,215.0,623.0,2083.0,208.30000000000013,1.0,9.0,1.0
492,24,Dabei,3.0,0.0,0.0,580.0,193.33333333333331,1.0,2.0,1.0
493,24,induzieren,6.0,0.0,0.0,1747.0,291.16666666666674,1.0,5.0,1.0
494,24,sie,1.0,0.0,0.0,223.0,223.0,1.0,0.0,0.0
495,24,eine,2.0,0.0,0.0,580.0,290.0,1.0,1.0,1.0
496,24,Konformationsänderung,19.0,123.0,123.0,6327.0,333.0,1.0,18.0,1.0
497,24,die,1.0,209.0,209.0,209.0,209.0,1.0,0.0,0.0
498,24,einen,4.0,237.0,237.0,906.0,226.5,1.0,3.0,1.0
499,24,Transport,3.0,225.0,225.0,680.0,226.66666666666677,1.0,2.0,1.0
500,24,auf,0.0,0.0,0.0,0.0,0.0,0.0,0.0,0.0
501,24,den,3.0,446.0,446.0,947.0,315.6666666666667,1.0,2.0,1.0
502,24,Gleisen,3.0,263.0,263.0,667.0,222.33333333333323,1.0,2.0,1.0
503,24,ermöglicht,4.0,270.0,447.0,874.0,218.5,1.0,3.0,1.0
504,25,Alle,1.0,0.0,0.0,153.0,153.0,1.0,0.0,0.0
505,25,Myosine,4.0,284.0,284.0,919.0,229.75,1.0,3.0,1.0
506,25,bis,0.0,0.0,0.0,0.0,0.0,0.0,0.0,0.0
507,25,auf,2.0,364.0,364.0,592.0,296.0,1.0,1.0,1.0
508,25,Myosin,2.0,401.0,401.0,607.0,303.5,1.0,1.0,1.0
509,25,VI,2.0,0.0,0.0,888.0,444.0,1.0,1.0,1.0
510,25,bewegen,3.0,0.0,0.0,719.0,239.66666666666677,1.0,2.0,1.0
511,25,sich,1.0,135.0,135.0,135.0,135.0,1.0,0.0,0.0
512,25,zum,2.0,222.0,222.0,595.0,297.5,1.0,1.0,1.0
513,25,+Ende,2.0,281.0,281.0,613.0,306.5,1.0,1.0,1.0
514,25,des,1.0,297.0,297.0,297.0,297.0,1.0,0.0,0.0
515,25,Aktinfilaments,4.0,397.0,694.0,1173.0,293.25,1.0,3.0,1.0
516,26,Wird,1.0,263.0,263.0,263.0,263.0,1.0,0.0,0.0
517,26,die,0.0,0.0,0.0,0.0,0.0,0.0,0.0,0.0
518,26,Hochfrequenz,1.0,300.0,300.0,300.0,300.0,1.0,0.0,0.0
519,26,nun,0.0,0.0,0.0,0.0,0.0,0.0,0.0,0.0
520,26,genau,3.0,298.0,510.0,699.0,233.0,1.0,2.0,1.0
521,26,so,0.0,0.0,0.0,0.0,0.0,0.0,0.0,0.0
522,26,gewählt,3.0,320.0,479.0,671.0,223.66666666666677,1.0,2.0,1.0
523,26,dass,1.0,184.0,184.0,184.0,184.0,1.0,0.0,0.0
524,26,die,1.0,0.0,0.0,383.0,383.0,1.0,0.0,0.0
525,26,Ionen,1.0,0.0,0.0,260.0,260.0,1.0,0.0,0.0
526,26,nach,1.0,155.0,155.0,155.0,155.0,1.0,0.0,0.0
527,26,Durchlaufen,1.0,462.0,462.0,462.0,462.0,1.0,0.0,0.0
528,26,des,0.0,0.0,0.0,0.0,0.0,0.0,0.0,0.0
529,26,Halbkreises,2.0,204.0,395.0,395.0,197.5,1.0,1.0,1.0
530,26,immer,0.0,0.0,0.0,0.0,0.0,0.0,0.0,0.0
531,26,zu,1.0,209.0,209.0,209.0,209.0,1.0,0.0,0.0
532,26,einem,0.0,0.0,0.0,0.0,0.0,0.0,0.0,0.0
533,26,Zeitpunkt,1.0,335.0,335.0,335.0,335.0,1.0,0.0,0.0
534,26,wieder,1.0,402.0,402.0,402.0,402.0,1.0,0.0,0.0
535,26,am,0.0,0.0,0.0,0.0,0.0,0.0,0.0,0.0
536,26,Spalt,1.0,178.0,178.0,178.0,178.0,1.0,0.0,0.0
537,26,ankommen,1.0,231.0,231.0,231.0,231.0,1.0,0.0,0.0
538,26,bei,1.0,0.0,0.0,199.0,199.0,1.0,0.0,0.0
539,26,dem,1.0,207.0,207.0,207.0,207.0,1.0,0.0,0.0
540,26,die,1.0,170.0,170.0,170.0,170.0,1.0,0.0,0.0
541,26,richtige,1.0,0.0,0.0,324.0,324.0,1.0,0.0,0.0
542,26,Polarität,4.0,143.0,143.0,1113.0,278.25,1.0,3.0,1.0
543,26,der,0.0,0.0,0.0,0.0,0.0,0.0,0.0,0.0
544,26,Beschleunigungsspannung,5.0,402.0,1115.0,1235.0,247.0,1.0,4.0,1.0
545,26,anliegt,2.0,574.0,574.0,759.0,379.5,1.0,1.0,1.0
546,26,nimmt,0.0,0.0,0.0,0.0,0.0,0.0,0.0,0.0
547,26,ihre,2.0,233.0,233.0,559.0,279.5,1.0,1.0,1.0
548,26,kinetische,1.0,347.0,347.0,347.0,347.0,1.0,0.0,0.0
549,26,Energie,1.0,182.0,182.0,182.0,182.0,1.0,0.0,0.0
550,26,bei,0.0,0.0,0.0,0.0,0.0,0.0,0.0,0.0
551,26,Durchlaufen,2.0,235.0,426.0,426.0,213.0,1.0,1.0,1.0
552,26,des,1.0,262.0,262.0,262.0,262.0,1.0,0.0,0.0
553,26,Spaltes,2.0,184.0,541.0,541.0,270.5,1.0,1.0,1.0
554,26,zu,0.0,0.0,0.0,0.0,0.0,0.0,0.0,0.0
555,26,ihre,1.0,393.0,393.0,393.0,393.0,1.0,0.0,0.0
556,26,Geschwindigkeit,1.0,306.0,306.0,306.0,306.0,1.0,0.0,0.0
557,26,wächst,1.0,490.0,490.0,490.0,490.0,1.0,0.0,0.0
558,26,und,0.0,0.0,0.0,0.0,0.0,0.0,0.0,0.0
559,26,daher,2.0,170.0,457.0,457.0,228.5,1.0,1.0,1.0
560,26,auch,0.0,0.0,0.0,0.0,0.0,0.0,0.0,0.0
561,26,der,1.0,207.0,207.0,207.0,207.0,1.0,0.0,0.0
562,26,Radius,1.0,264.0,264.0,264.0,264.0,1.0,0.0,0.0
563,26,des,0.0,0.0,0.0,0.0,0.0,0.0,0.0,0.0
564,26,nächsten,1.0,263.0,263.0,263.0,263.0,1.0,0.0,0.0
565,26,Halbkreises,1.0,461.0,461.0,461.0,461.0,1.0,0.0,0.0
566,27,Die,1.0,0.0,0.0,200.0,200.0,1.0,0.0,0.0
567,27,von,2.0,473.0,473.0,768.0,384.0,1.0,1.0,1.0
568,27,der,1.0,376.0,376.0,376.0,376.0,1.0,0.0,0.0
569,27,Ionenquelle,3.0,383.0,627.0,964.0,321.3333333333333,1.0,2.0,1.0
570,27,im,1.0,0.0,0.0,222.0,222.0,1.0,0.0,0.0
571,27,Spalt,2.0,286.0,286.0,557.0,278.5,1.0,1.0,1.0
572,27,zwischen,2.0,367.0,367.0,605.0,302.5,1.0,1.0,1.0
573,27,den,0.0,0.0,0.0,0.0,0.0,0.0,0.0,0.0
574,27,Kammern,2.0,335.0,335.0,776.0,388.0,1.0,1.0,1.0
575,27,im,0.0,0.0,0.0,0.0,0.0,0.0,0.0,0.0
576,27,Zentrum,1.0,423.0,423.0,423.0,423.0,1.0,0.0,0.0
577,27,der,0.0,0.0,0.0,0.0,0.0,0.0,0.0,0.0
578,27,Anordnung,1.0,294.0,294.0,294.0,294.0,1.0,0.0,0.0
579,27,emittierten,2.0,164.0,600.0,600.0,300.0,1.0,1.0,1.0
580,27,positiven,3.0,155.0,409.0,409.0,136.3333333333334,1.0,2.0,1.0
581,27,Ionen,1.0,523.0,523.0,523.0,523.0,1.0,0.0,0.0
582,27,werden,1.0,293.0,293.0,293.0,293.0,1.0,0.0,0.0
583,27,auf,0.0,0.0,0.0,0.0,0.0,0.0,0.0,0.0
584,27,die,1.0,244.0,244.0,244.0,244.0,1.0,0.0,0.0
585,27,negative,2.0,326.0,326.0,626.0,313.0,1.0,1.0,1.0
586,27,Kammerhälfte,2.0,195.0,446.0,446.0,223.0,1.0,1.0,1.0
587,27,zu,0.0,0.0,0.0,0.0,0.0,0.0,0.0,0.0
588,27,beschleunigt,3.0,568.0,568.0,1099.0,366.33333333333337,1.0,2.0,1.0
589,28,Die,1.0,0.0,0.0,267.0,267.0,1.0,0.0,0.0
590,28,Kammer,1.0,0.0,0.0,225.0,225.0,1.0,0.0,0.0
591,28,ist,1.0,0.0,0.0,240.0,240.0,1.0,0.0,0.0
592,28,in,0.0,0.0,0.0,0.0,0.0,0.0,0.0,0.0
593,28,zwei,1.0,0.0,0.0,252.0,252.0,1.0,0.0,0.0
594,28,D-förmige,3.0,0.0,0.0,723.0,241.0,1.0,2.0,1.0
595,28,Hälften,1.0,0.0,0.0,444.0,444.0,1.0,0.0,0.0
596,28,aufgeteilt,2.0,0.0,0.0,502.0,251.0,1.0,1.0,1.0
597,28,zwischen,2.0,0.0,0.0,493.0,246.5,1.0,1.0,1.0
598,28,denen,2.0,0.0,0.0,649.0,324.5,1.0,1.0,1.0
599,28,eine,2.0,0.0,0.0,739.0,369.5,1.0,1.0,1.0
600,28,Hochfrequenzspannung,5.0,142.0,142.0,1390.0,278.0,1.0,4.0,1.0
601,28,anliegt,2.0,543.0,543.0,810.0,405.0,1.0,1.0,1.0
602,29,Das,1.0,269.0,269.0,269.0,269.0,1.0,0.0,0.0
603,29,Ziel,2.0,0.0,0.0,321.0,160.5,1.0,1.0,1.0
604,29,der,1.0,197.0,197.0,197.0,197.0,1.0,0.0,0.0
605,29,holografischen,4.0,319.0,485.0,812.0,203.0,1.0,3.0,1.0
606,29,Interferometrie,2.0,265.0,265.0,265.0,132.5,1.0,1.0,1.0
607,29,ist,1.0,299.0,299.0,299.0,299.0,1.0,0.0,0.0
608,29,es,0.0,0.0,0.0,0.0,0.0,0.0,0.0,0.0
609,29,Veränderungen,3.0,250.0,486.0,486.0,162.0,1.0,2.0,1.0
610,29,an,1.0,0.0,0.0,0.0,0.0,1.0,0.0,0.0
611,29,Objekten,1.0,280.0,280.0,280.0,280.0,1.0,0.0,0.0
612,29,durch,2.0,474.0,474.0,679.0,339.5,1.0,1.0,1.0
613,29,Belastungen,4.0,406.0,607.0,960.0,240.0,1.0,3.0,1.0
614,29,thermische,2.0,280.0,280.0,462.0,231.0,1.0,1.0,1.0
615,29,Ausdehnung,2.0,452.0,452.0,693.0,346.5,1.0,1.0,1.0
616,29,Schwingungen,2.0,385.0,385.0,661.0,330.5,1.0,1.0,1.0
617,29,usw.,0.0,0.0,0.0,0.0,0.0,0.0,0.0,0.0
618,29,qualitativ,1.0,237.0,237.0,237.0,237.0,1.0,0.0,0.0
619,29,und,2.0,208.0,208.0,273.0,136.5,1.0,1.0,1.0
620,29,quantitativ,1.0,293.0,293.0,293.0,293.0,1.0,0.0,0.0
621,29,zu,0.0,0.0,0.0,0.0,0.0,0.0,0.0,0.0
622,29,erfassen,1.0,303.0,303.0,303.0,303.0,1.0,0.0,0.0
623,30,Zu,0.0,0.0,0.0,0.0,0.0,0.0,0.0,0.0
624,30,beachten,4.0,455.0,455.0,1620.0,405.0,1.0,3.0,1.0
625,30,ist,2.0,0.0,0.0,402.0,201.0,1.0,1.0,1.0
626,30,dass,3.0,0.0,0.0,402.0,134.0,1.0,2.0,1.0
627,30,der,2.0,0.0,0.0,383.0,191.5,1.0,1.0,1.0
628,30,ursprüngliche,5.0,0.0,0.0,1079.0,215.80000000000013,1.0,4.0,1.0
629,30,DNA-Schaden,3.0,0.0,0.0,1124.0,374.66666666666663,1.0,2.0,1.0
630,30,bei,0.0,0.0,0.0,0.0,0.0,0.0,0.0,0.0
631,30,dieser,3.0,0.0,0.0,709.0,236.33333333333323,1.0,2.0,1.0
632,30,Reparatur,2.0,0.0,0.0,453.0,226.5,1.0,1.0,1.0
633,30,nicht,2.0,0.0,0.0,529.0,264.5,1.0,1.0,1.0
634,30,behoben,2.0,0.0,0.0,607.0,303.5,1.0,1.0,1.0
635,30,wird,2.0,0.0,0.0,385.0,192.5,1.0,1.0,1.0
636,30,sondern,3.0,0.0,0.0,703.0,234.33333333333323,1.0,2.0,1.0
637,30,nur,1.0,0.0,0.0,136.0,136.0,1.0,0.0,0.0
638,30,die,2.0,0.0,0.0,476.0,238.0,1.0,1.0,1.0
639,30,Lücke,0.0,0.0,0.0,0.0,0.0,0.0,0.0,0.0
640,30,im,0.0,0.0,0.0,0.0,0.0,0.0,0.0,0.0
641,30,Tochterstrang,2.0,251.0,251.0,943.0,471.5,1.0,1.0,1.0
642,31,Die,2.0,159.0,159.0,385.0,192.5,1.0,1.0,1.0
643,31,größeren,2.0,401.0,401.0,713.0,356.5,1.0,1.0,1.0
644,31,Fragmente,2.0,315.0,315.0,553.0,276.5,1.0,1.0,1.0
645,31,wandern,0.0,0.0,0.0,0.0,0.0,0.0,0.0,0.0
646,31,langsamer,2.0,273.0,273.0,531.0,265.5,1.0,1.0,1.0
647,31,und,1.0,201.0,201.0,201.0,201.0,1.0,0.0,0.0
648,31,bleiben,2.0,244.0,244.0,469.0,234.5,1.0,1.0,1.0
649,31,in,1.0,0.0,0.0,0.0,0.0,1.0,0.0,0.0
650,31,der,1.0,0.0,0.0,186.0,186.0,1.0,0.0,0.0
651,31,Nähe,1.0,424.0,424.0,424.0,424.0,1.0,0.0,0.0
652,31,zum,0.0,0.0,0.0,0.0,0.0,0.0,0.0,0.0
653,31,Minuspol,2.0,251.0,251.0,390.0,195.0,1.0,1.0,1.0
654,32,Die,1.0,234.0,234.0,234.0,234.0,1.0,0.0,0.0
655,32,DNA-Fragmente,6.0,278.0,1012.0,1421.0,236.83333333333323,1.0,5.0,1.0
656,32,wandern,2.0,499.0,499.0,725.0,362.5,1.0,1.0,1.0
657,32,durch,0.0,0.0,0.0,0.0,0.0,0.0,0.0,0.0
658,32,das,2.0,215.0,215.0,429.0,214.5,1.0,1.0,1.0
659,32,Agarose-Sieb,5.0,218.0,860.0,1501.0,300.19999999999993,1.0,4.0,1.0
660,32,vom,2.0,268.0,268.0,429.0,214.5,1.0,1.0,1.0
661,32,Minuspol,5.0,150.0,556.0,819.0,163.8000000000001,1.0,4.0,1.0
662,32,zum,1.0,0.0,0.0,175.0,175.0,1.0,0.0,0.0
663,32,Pluspol,5.0,309.0,594.0,1013.0,202.60000000000005,1.0,4.0,1.0
664,33,Kleinere,4.0,551.0,551.0,1176.0,294.0,1.0,3.0,1.0
665,33,Fragmente,4.0,704.0,704.0,1360.0,340.0,1.0,3.0,1.0
666,33,wandern,4.0,621.0,913.0,1367.0,341.75,1.0,3.0,1.0
667,33,schneller,3.0,393.0,393.0,808.0,269.3333333333332,1.0,2.0,1.0
668,33,durch,1.0,206.0,206.0,206.0,206.0,1.0,0.0,0.0
669,33,das,2.0,166.0,166.0,341.0,170.5,1.0,1.0,1.0
670,33,Agarose-Sieb,6.0,161.0,793.0,1472.0,245.33333333333323,1.0,5.0,1.0
671,33,daher,0.0,0.0,0.0,0.0,0.0,0.0,0.0,0.0
672,33,befinden,4.0,308.0,509.0,1080.0,270.0,1.0,3.0,1.0
673,33,sie,0.0,0.0,0.0,0.0,0.0,0.0,0.0,0.0
674,33,sich,2.0,419.0,419.0,624.0,312.0,1.0,1.0,1.0
675,33,in,3.0,494.0,494.0,901.0,300.33333333333326,1.0,2.0,1.0
676,33,der,1.0,0.0,0.0,370.0,370.0,1.0,0.0,0.0
677,33,Nähe,3.0,182.0,182.0,612.0,204.0,1.0,2.0,1.0
678,33,zum,3.0,142.0,163.0,368.0,122.66666666666661,1.0,2.0,1.0
679,33,Pluspol,4.0,221.0,281.0,718.0,179.5,1.0,3.0,1.0
680,33,des,2.0,0.0,0.0,549.0,274.5,1.0,1.0,1.0
681,33,Gels,2.0,231.0,231.0,451.0,225.5,1.0,1.0,1.0
682,34,Die,2.0,240.0,240.0,358.0,179.0,1.0,1.0,1.0
683,34,Gleise,3.0,149.0,149.0,549.0,183.0,1.0,2.0,1.0
684,34,können,4.0,0.0,0.0,1045.0,261.25,1.0,3.0,1.0
685,34,Mikrotubuli,12.0,178.0,178.0,3788.0,315.6666666666667,1.0,11.0,1.0
686,34,oder,1.0,0.0,0.0,283.0,283.0,1.0,0.0,0.0
687,34,Aktinfilamente,8.0,275.0,275.0,2321.0,290.125,1.0,7.0,1.0
688,34,sein,0.0,0.0,0.0,0.0,0.0,0.0,0.0,0.0
689,35,Die,1.0,0.0,0.0,216.0,216.0,1.0,0.0,0.0
690,35,Phosphatverarmungszonen,16.0,273.0,1408.0,4372.0,273.25,1.0,15.0,1.0
691,35,von,1.0,0.0,0.0,456.0,456.0,1.0,0.0,0.0
692,35,zwei,4.0,331.0,576.0,1118.0,279.5,1.0,3.0,1.0
693,35,Wurzeln,2.0,217.0,217.0,482.0,241.0,1.0,1.0,1.0
694,35,die,1.0,0.0,0.0,182.0,182.0,1.0,0.0,0.0
695,35,sehr,3.0,244.0,244.0,695.0,231.66666666666677,1.0,2.0,1.0
696,35,nah,2.0,0.0,0.0,630.0,315.0,1.0,1.0,1.0
697,35,beieinander,5.0,149.0,149.0,955.0,191.0,1.0,4.0,1.0
698,35,sind,2.0,184.0,184.0,340.0,170.0,1.0,1.0,1.0
699,35,überlappen,4.0,238.0,238.0,818.0,204.5,1.0,3.0,1.0
700,35,sich,1.0,231.0,231.0,231.0,231.0,1.0,0.0,0.0
701,35,kaum,2.0,0.0,0.0,338.0,169.0,1.0,1.0,1.0
702,35,und,1.0,234.0,234.0,234.0,234.0,1.0,0.0,0.0
703,35,ein,1.0,0.0,0.0,250.0,250.0,1.0,0.0,0.0
704,35,reich,4.0,484.0,484.0,1341.0,335.25,1.0,3.0,1.0
705,35,verzweigtes,4.0,192.0,406.0,682.0,170.5,1.0,3.0,1.0
706,35,Wurzelsystem,4.0,232.0,523.0,905.0,226.25,1.0,3.0,1.0
707,35,erhöht,2.0,201.0,201.0,519.0,259.5,1.0,1.0,1.0
708,35,die,1.0,0.0,0.0,298.0,298.0,1.0,0.0,0.0
709,35,Phosphataufnahme,3.0,263.0,690.0,1047.0,349.0,1.0,2.0,1.0
710,35,bei,1.0,0.0,0.0,252.0,252.0,1.0,0.0,0.0
711,35,knapper,4.0,137.0,137.0,817.0,204.25,1.0,3.0,1.0
712,35,Phosphatversorgung,4.0,278.0,521.0,1125.0,281.25,1.0,3.0,1.0
713,35,daher,1.0,0.0,0.0,0.0,0.0,1.0,0.0,0.0
714,35,enorm,2.0,383.0,383.0,621.0,310.5,1.0,1.0,1.0
715,36,Die,1.0,0.0,0.0,385.0,385.0,1.0,0.0,0.0
716,36,Ausbildung,11.0,0.0,0.0,4450.0,404.54545454545456,1.0,10.0,1.0
717,36,amyloider,12.0,0.0,0.0,4515.0,376.25,1.0,11.0,1.0
718,36,Fasern,4.0,0.0,0.0,1374.0,343.5,1.0,3.0,1.0
719,36,und,0.0,0.0,0.0,0.0,0.0,0.0,0.0,0.0
720,36,der,3.0,133.0,133.0,763.0,254.33333333333323,1.0,2.0,1.0
721,36,infektiöse,7.0,294.0,558.0,1742.0,248.85714285714295,1.0,6.0,1.0
722,36,Charakter,5.0,577.0,577.0,1793.0,358.6000000000002,1.0,4.0,1.0
723,36,sind,3.0,273.0,273.0,726.0,242.0,1.0,2.0,1.0
724,36,eng,3.0,0.0,0.0,956.0,318.6666666666667,1.0,2.0,1.0
725,36,miteinander,5.0,285.0,285.0,1127.0,225.39999999999992,1.0,4.0,1.0
726,36,verknüpft,4.0,246.0,246.0,1065.0,266.25,1.0,3.0,1.0
727,37,Motormoleküle,15.0,245.0,245.0,5147.0,343.13333333333327,1.0,14.0,1.0
728,37,sind,2.0,0.0,0.0,537.0,268.5,1.0,1.0,1.0
729,37,Enzyme,9.0,0.0,0.0,2501.0,277.88888888888874,1.0,8.0,1.0
730,37,welche,5.0,0.0,0.0,1488.0,297.6000000000002,1.0,4.0,1.0
731,37,die,0.0,0.0,0.0,0.0,0.0,0.0,0.0,0.0
732,37,Energie,5.0,0.0,0.0,1287.0,257.39999999999986,1.0,4.0,1.0
733,37,aus,1.0,0.0,0.0,302.0,302.0,1.0,0.0,0.0
734,37,der,4.0,0.0,0.0,1060.0,265.0,1.0,3.0,1.0
735,37,Hydrolyse,13.0,0.0,0.0,3520.0,270.76923076923066,1.0,12.0,1.0
736,37,von,4.0,0.0,0.0,802.0,200.5,1.0,3.0,1.0
737,37,ATP,6.0,0.0,0.0,1990.0,331.6666666666667,1.0,5.0,1.0
738,37,in,2.0,0.0,0.0,430.0,215.0,1.0,1.0,1.0
739,37,mechanische,8.0,0.0,0.0,2041.0,255.125,1.0,7.0,1.0
740,37,Energie,3.0,0.0,0.0,837.0,279.0,1.0,2.0,1.0
741,37,umwandeln,5.0,0.0,0.0,1234.0,246.80000000000013,1.0,4.0,1.0
742,38,Sie,2.0,198.0,198.0,408.0,204.0,1.0,1.0,1.0
743,38,beeinflussen,4.0,271.0,271.0,754.0,188.5,1.0,3.0,1.0
744,38,deshalb,3.0,255.0,255.0,640.0,213.3333333333333,1.0,2.0,1.0
745,38,die,0.0,0.0,0.0,0.0,0.0,0.0,0.0,0.0
746,38,Ausbreitung,6.0,372.0,597.0,1203.0,200.5,1.0,5.0,1.0
747,38,von,0.0,0.0,0.0,0.0,0.0,0.0,0.0,0.0
748,38,Licht,3.0,177.0,422.0,704.0,234.66666666666677,1.0,2.0,1.0
749,38,in,0.0,0.0,0.0,0.0,0.0,0.0,0.0,0.0
750,38,diesen,1.0,289.0,289.0,289.0,289.0,1.0,0.0,0.0
751,38,Materialien,3.0,246.0,246.0,585.0,195.0,1.0,2.0,1.0
752,39,Photonische,9.0,337.0,337.0,3373.0,374.77777777777754,1.0,8.0,1.0
753,39,Kristalle,5.0,184.0,184.0,1549.0,309.8,1.0,4.0,1.0
754,39,sind,3.0,234.0,234.0,586.0,195.3333333333333,1.0,2.0,1.0
755,39,räumlich,3.0,263.0,263.0,765.0,255.0,1.0,2.0,1.0
756,39,periodische,4.0,251.0,612.0,1038.0,259.5,1.0,3.0,1.0
757,39,Anordnungen,2.0,335.0,335.0,577.0,288.5,1.0,1.0,1.0
758,39,von,0.0,0.0,0.0,0.0,0.0,0.0,0.0,0.0
759,39,dielektrischen,4.0,376.0,778.0,1132.0,283.0,1.0,3.0,1.0
760,39,Medien,2.0,368.0,368.0,648.0,324.0,1.0,1.0,1.0
761,39,mit,0.0,0.0,0.0,0.0,0.0,0.0,0.0,0.0
762,39,unterschiedlicher,6.0,270.0,841.0,1370.0,228.33333333333323,1.0,5.0,1.0
763,39,Dielektrizitätskonstante,8.0,159.0,946.0,1917.0,239.625,1.0,7.0,1.0
764,39,und,0.0,0.0,0.0,0.0,0.0,0.0,0.0,0.0
765,39,damit,2.0,267.0,267.0,544.0,272.0,1.0,1.0,1.0
766,39,unterschiedlichen,2.0,269.0,269.0,476.0,238.0,1.0,1.0,1.0
767,39,Brechzahlen,3.0,403.0,403.0,961.0,320.3333333333333,1.0,2.0,1.0
768,40,Der,1.0,83.0,83.0,83.0,83.0,1.0,0.0,0.0
769,40,entscheidende,4.0,254.0,827.0,1321.0,330.25,1.0,3.0,1.0
770,40,Durchbruch,2.0,239.0,239.0,590.0,295.0,1.0,1.0,1.0
771,40,zur,0.0,0.0,0.0,0.0,0.0,0.0,0.0,0.0
772,40,Aufstellung,2.0,267.0,480.0,480.0,240.0,1.0,1.0,1.0
773,40,eines,1.0,0.0,0.0,165.0,165.0,1.0,0.0,0.0
774,40,Ordnungsschemas,5.0,248.0,1177.0,1438.0,287.60000000000014,1.0,4.0,1.0
775,40,gelang,1.0,252.0,252.0,252.0,252.0,1.0,0.0,0.0
776,40,dem,0.0,0.0,0.0,0.0,0.0,0.0,0.0,0.0
777,40,Quarkmodell,3.0,272.0,764.0,764.0,254.66666666666677,1.0,2.0,1.0
778,40,das,0.0,0.0,0.0,0.0,0.0,0.0,0.0,0.0
779,40,die,1.0,230.0,230.0,230.0,230.0,1.0,0.0,0.0
780,40,Vielzahl,1.0,206.0,206.0,206.0,206.0,1.0,0.0,0.0
781,40,der,2.0,183.0,183.0,183.0,91.5,1.0,1.0,1.0
782,40,bisher,1.0,0.0,0.0,280.0,280.0,1.0,0.0,0.0
783,40,gefundenen,2.0,180.0,180.0,358.0,179.0,1.0,1.0,1.0
784,40,als,0.0,0.0,0.0,0.0,0.0,0.0,0.0,0.0
785,40,Elementarteilchen,3.0,282.0,720.0,720.0,240.0,1.0,2.0,1.0
786,40,angenommenen,1.0,382.0,382.0,382.0,382.0,1.0,0.0,0.0
787,40,Teilchen,1.0,201.0,201.0,201.0,201.0,1.0,0.0,0.0
788,40,als,0.0,0.0,0.0,0.0,0.0,0.0,0.0,0.0
789,40,Systeme,1.0,260.0,260.0,260.0,260.0,1.0,0.0,0.0
790,40,mit,0.0,0.0,0.0,0.0,0.0,0.0,0.0,0.0
791,40,innerer,1.0,454.0,454.0,454.0,454.0,1.0,0.0,0.0
792,40,Struktur,1.0,209.0,209.0,209.0,209.0,1.0,0.0,0.0
793,40,ansieht,1.0,238.0,238.0,238.0,238.0,1.0,0.0,0.0
794,40,die,1.0,0.0,0.0,0.0,0.0,1.0,0.0,0.0
795,40,aus,0.0,0.0,0.0,0.0,0.0,0.0,0.0,0.0
796,40,wenigen,1.0,392.0,392.0,392.0,392.0,1.0,0.0,0.0
797,40,noch,0.0,0.0,0.0,0.0,0.0,0.0,0.0,0.0
798,40,elementareren,3.0,308.0,641.0,832.0,277.3333333333332,1.0,2.0,1.0
799,40,Teilchen,0.0,0.0,0.0,0.0,0.0,0.0,0.0,0.0
800,40,zusammengesetzt,2.0,198.0,198.0,434.0,217.0,1.0,1.0,1.0
801,40,sind,1.0,199.0,199.0,199.0,199.0,1.0,0.0,0.0
802,41,Die,0.0,0.0,0.0,0.0,0.0,0.0,0.0,0.0
803,41,Zelle,2.0,299.0,299.0,493.0,246.5,1.0,1.0,1.0
804,41,kann,1.0,364.0,364.0,364.0,364.0,1.0,0.0,0.0
805,41,auf,1.0,0.0,0.0,182.0,182.0,1.0,0.0,0.0
806,41,diese,2.0,0.0,0.0,883.0,441.5,1.0,1.0,1.0
807,41,Weise,4.0,193.0,193.0,749.0,187.25,1.0,3.0,1.0
808,41,Tag,1.0,210.0,210.0,210.0,210.0,1.0,0.0,0.0
809,41,und,1.0,219.0,219.0,219.0,219.0,1.0,0.0,0.0
810,41,Nacht,2.0,227.0,227.0,656.0,328.0,1.0,1.0,1.0
811,41,einen,1.0,303.0,303.0,303.0,303.0,1.0,0.0,0.0
812,41,Export,2.0,207.0,207.0,434.0,217.0,1.0,1.0,1.0
813,41,gewährleisten,2.0,310.0,310.0,575.0,287.5,1.0,1.0,1.0
814,42,Sie,1.0,0.0,0.0,75.0,75.0,1.0,0.0,0.0
815,42,ist,3.0,864.0,864.0,1782.0,594.0,1.0,2.0,1.0
816,42,ein,0.0,0.0,0.0,0.0,0.0,0.0,0.0,0.0
817,42,lineares,3.0,341.0,341.0,793.0,264.3333333333332,1.0,2.0,1.0
818,42,Polymer,3.0,0.0,0.0,1184.0,394.6666666666666,1.0,2.0,1.0
819,42,aus,2.0,176.0,176.0,225.0,112.5,1.0,1.0,1.0
820,42,β-D-Glucose,11.0,181.0,400.0,2504.0,227.6363636363637,1.0,10.0,1.0
821,42,und,1.0,234.0,234.0,234.0,234.0,1.0,0.0,0.0
822,42,liegt,3.0,308.0,308.0,736.0,245.33333333333323,1.0,2.0,1.0
823,42,hauptsächlich,6.0,233.0,233.0,1432.0,238.66666666666677,1.0,5.0,1.0
824,42,extrazellulär,9.0,383.0,806.0,2272.0,252.44444444444437,1.0,8.0,1.0
825,42,vor,0.0,0.0,0.0,0.0,0.0,0.0,0.0,0.0
826,43,Durch,2.0,0.0,0.0,227.0,113.5,1.0,1.0,1.0
827,43,Einführen,4.0,379.0,544.0,848.0,212.0,1.0,3.0,1.0
828,43,der,0.0,0.0,0.0,0.0,0.0,0.0,0.0,0.0
829,43,effektiven,3.0,367.0,367.0,869.0,289.66666666666674,1.0,2.0,1.0
830,43,Masse,1.0,219.0,219.0,219.0,219.0,1.0,0.0,0.0
831,43,können,2.0,394.0,394.0,564.0,282.0,1.0,1.0,1.0
832,43,Elektronen,3.0,313.0,313.0,902.0,300.66666666666674,1.0,2.0,1.0
833,43,im,0.0,0.0,0.0,0.0,0.0,0.0,0.0,0.0
834,43,Leitungsband,4.0,346.0,556.0,1014.0,253.5,1.0,3.0,1.0
835,43,und,1.0,0.0,0.0,226.0,226.0,1.0,0.0,0.0
836,43,Löcher,4.0,424.0,424.0,1252.0,313.0,1.0,3.0,1.0
837,43,im,1.0,0.0,0.0,195.0,195.0,1.0,0.0,0.0
838,43,Valenzband,5.0,478.0,478.0,1243.0,248.6000000000001,1.0,4.0,1.0
839,43,eines,3.0,190.0,190.0,396.0,132.0,1.0,2.0,1.0
840,43,Kristalles,4.0,466.0,466.0,1409.0,352.25,1.0,3.0,1.0
841,43,wie,1.0,0.0,0.0,166.0,166.0,1.0,0.0,0.0
842,43,freie,3.0,342.0,342.0,934.0,311.33333333333326,1.0,2.0,1.0
843,43,Teilchen,1.0,198.0,198.0,198.0,198.0,1.0,0.0,0.0
844,43,aufgefasst,4.0,314.0,314.0,875.0,218.75,1.0,3.0,1.0
845,43,werden,1.0,216.0,216.0,216.0,216.0,1.0,0.0,0.0
846,43,und,0.0,0.0,0.0,0.0,0.0,0.0,0.0,0.0
847,43,bewegen,5.0,324.0,324.0,1689.0,337.79999999999995,1.0,4.0,1.0
848,43,sich,3.0,0.0,0.0,664.0,221.33333333333323,1.0,2.0,1.0
849,43,am,3.0,264.0,264.0,673.0,224.33333333333323,1.0,2.0,1.0
850,43,Energieminimum,10.0,564.0,802.0,2937.0,293.69999999999993,1.0,9.0,1.0
851,43,im,3.0,224.0,224.0,669.0,223.0,1.0,2.0,1.0
852,43,Leitungsband,7.0,313.0,624.0,1881.0,268.71428571428555,1.0,6.0,1.0
853,43,und,3.0,0.0,0.0,759.0,253.0,1.0,2.0,1.0
854,43,am,3.0,307.0,307.0,845.0,281.6666666666668,1.0,2.0,1.0
855,43,Energiemaximum,11.0,388.0,388.0,2370.0,215.45454545454533,1.0,10.0,1.0
856,43,im,1.0,265.0,265.0,265.0,265.0,1.0,0.0,0.0
857,43,Valenzband,3.0,231.0,231.0,1075.0,358.33333333333337,1.0,2.0,1.0
858,43,auf,2.0,0.0,0.0,448.0,224.0,1.0,1.0,1.0
859,43,Parabeln,8.0,322.0,906.0,2632.0,329.0,1.0,7.0,1.0
860,44,Seine,3.0,0.0,0.0,571.0,190.33333333333331,1.0,2.0,1.0
861,44,strukturellen,7.0,0.0,0.0,1535.0,219.2857142857144,1.0,6.0,1.0
862,44,Eigenschaften,4.0,0.0,0.0,1032.0,258.0,1.0,3.0,1.0
863,44,verleihen,4.0,0.0,0.0,1104.0,276.0,1.0,3.0,1.0
864,44,dem,0.0,0.0,0.0,0.0,0.0,0.0,0.0,0.0
865,44,Prion,3.0,0.0,0.0,794.0,264.6666666666668,1.0,2.0,1.0
866,44,die,0.0,0.0,0.0,0.0,0.0,0.0,0.0,0.0
867,44,Fähigkeit,4.0,0.0,0.0,1280.0,320.0,1.0,3.0,1.0
868,44,sich,3.0,0.0,0.0,659.0,219.66666666666677,1.0,2.0,1.0
869,44,durch,2.0,0.0,0.0,315.0,157.5,1.0,1.0,1.0
870,44,Autokatalyse,8.0,0.0,0.0,2340.0,292.5,1.0,7.0,1.0
871,44,von,0.0,0.0,0.0,0.0,0.0,0.0,0.0,0.0
872,44,einem,6.0,0.0,0.0,1535.0,255.83333333333323,1.0,5.0,1.0
873,44,Wildtypprotein,9.0,0.0,0.0,2310.0,256.6666666666668,1.0,8.0,1.0
874,44,zum,1.0,0.0,0.0,302.0,302.0,1.0,0.0,0.0
875,44,Prionenprotein,15.0,0.0,0.0,3967.0,264.46666666666647,1.0,14.0,1.0
876,44,umzuwandeln,3.0,0.0,0.0,1313.0,437.66666666666646,1.0,2.0,1.0
877,45,In,1.0,0.0,0.0,206.0,206.0,1.0,0.0,0.0
878,45,Hefen,4.0,302.0,302.0,1246.0,311.5,1.0,3.0,1.0
879,45,und,1.0,164.0,164.0,164.0,164.0,1.0,0.0,0.0
880,45,höheren,2.0,283.0,283.0,620.0,310.0,1.0,1.0,1.0
881,45,Eukaryoten,4.0,299.0,1167.0,1167.0,291.75,1.0,3.0,1.0
882,45,ist,0.0,0.0,0.0,0.0,0.0,0.0,0.0,0.0
883,45,dieses,2.0,273.0,273.0,461.0,230.5,1.0,1.0,1.0
884,45,System,1.0,197.0,197.0,197.0,197.0,1.0,0.0,0.0
885,45,in,1.0,219.0,219.0,219.0,219.0,1.0,0.0,0.0
886,45,ähnlicher,2.0,194.0,194.0,338.0,169.0,1.0,1.0,1.0
887,45,Form,1.0,85.0,85.0,85.0,85.0,1.0,0.0,0.0
888,45,ebenfalls,4.0,140.0,360.0,671.0,167.75,1.0,3.0,1.0
889,45,vorhanden,1.0,959.0,959.0,959.0,959.0,1.0,0.0,0.0
890,46,Bei,0.0,0.0,0.0,0.0,0.0,0.0,0.0,0.0
891,46,dieser,3.0,296.0,498.0,737.0,245.66666666666677,1.0,2.0,1.0
892,46,Methode,2.0,215.0,215.0,397.0,198.5,1.0,1.0,1.0
893,46,wird,2.0,399.0,399.0,586.0,293.0,1.0,1.0,1.0
894,46,die,1.0,0.0,0.0,209.0,209.0,1.0,0.0,0.0
895,46,negative,5.0,119.0,494.0,1194.0,238.80000000000013,1.0,4.0,1.0
896,46,Ladung,4.0,219.0,219.0,633.0,158.25,1.0,3.0,1.0
897,46,der,0.0,0.0,0.0,0.0,0.0,0.0,0.0,0.0
898,46,DNA-Fragmente,8.0,258.0,747.0,2025.0,253.125,1.0,7.0,1.0
899,46,genutzt,3.0,343.0,343.0,876.0,292.0,1.0,2.0,1.0
900,47,Um,1.0,229.0,229.0,229.0,229.0,1.0,0.0,0.0
901,47,das,2.0,0.0,0.0,538.0,269.0,1.0,1.0,1.0
902,47,Vorhandensein,4.0,0.0,0.0,1220.0,305.0,1.0,3.0,1.0
903,47,der,0.0,0.0,0.0,0.0,0.0,0.0,0.0,0.0
904,47,Polymerasekettenreaktion-Produkte,23.0,0.0,0.0,7315.0,318.0434782608698,1.0,22.0,1.0
905,47,feststellen,9.0,0.0,0.0,2274.0,252.66666666666677,1.0,8.0,1.0
906,47,zu,0.0,0.0,0.0,0.0,0.0,0.0,0.0,0.0
907,47,können,2.0,0.0,0.0,402.0,201.0,1.0,1.0,1.0
908,47,verwendet,2.0,0.0,0.0,568.0,284.0,1.0,1.0,1.0
909,47,man,1.0,0.0,0.0,433.0,433.0,1.0,0.0,0.0
910,47,die,1.0,0.0,0.0,123.0,123.0,1.0,0.0,0.0
911,47,Gelelektrophorese,9.0,0.0,0.0,3000.0,333.3333333333333,1.0,8.0,1.0
912,47,mit,1.0,0.0,0.0,287.0,287.0,1.0,0.0,0.0
913,47,einer,3.0,0.0,0.0,739.0,246.33333333333323,1.0,2.0,1.0
914,47,anschließenden,5.0,137.0,137.0,1589.0,317.8,1.0,4.0,1.0
915,47,Behandlung,2.0,297.0,297.0,568.0,284.0,1.0,1.0,1.0
916,47,des,2.0,0.0,0.0,347.0,173.5,1.0,1.0,1.0
917,47,Gels,2.0,217.0,217.0,467.0,233.5,1.0,1.0,1.0
918,47,durch,1.0,232.0,232.0,232.0,232.0,1.0,0.0,0.0
919,47,Ethidiumbromid,13.0,226.0,2025.0,4076.0,313.5384615384616,1.0,12.0,1.0
920,48,Das,1.0,207.0,207.0,207.0,207.0,1.0,0.0,0.0
921,48,Reflexionsvermögen,3.0,163.0,701.0,701.0,233.66666666666677,1.0,2.0,1.0
922,48,des,0.0,0.0,0.0,0.0,0.0,0.0,0.0,0.0
923,48,Kristalls,1.0,267.0,267.0,267.0,267.0,1.0,0.0,0.0
924,48,wird,1.0,0.0,0.0,191.0,191.0,1.0,0.0,0.0
925,48,erhöht,1.0,220.0,220.0,220.0,220.0,1.0,0.0,0.0
926,49,Weil,4.0,384.0,384.0,1180.0,295.0,1.0,3.0,1.0
927,49,der,2.0,0.0,0.0,360.0,180.0,1.0,1.0,1.0
928,49,Wellenvektor,7.0,322.0,322.0,1650.0,235.71428571428558,1.0,6.0,1.0
929,49,des,0.0,0.0,0.0,0.0,0.0,0.0,0.0,0.0
930,49,Photons,5.0,243.0,243.0,1277.0,255.3999999999999,1.0,4.0,1.0
931,49,sehr,1.0,0.0,0.0,314.0,314.0,1.0,0.0,0.0
932,49,klein,4.0,365.0,365.0,1106.0,276.5,1.0,3.0,1.0
933,49,ist,2.0,229.0,229.0,426.0,213.0,1.0,1.0,1.0
934,49,wird,2.0,352.0,352.0,506.0,253.0,1.0,1.0,1.0
935,49,die,3.0,0.0,0.0,769.0,256.3333333333332,1.0,2.0,1.0
936,49,Wahrscheinlichkeit,4.0,317.0,507.0,975.0,243.75,1.0,3.0,1.0
937,49,für,3.0,107.0,107.0,326.0,108.66666666666661,1.0,2.0,1.0
938,49,einen,4.0,0.0,0.0,176.0,44.0,1.0,3.0,1.0
939,49,solchen,2.0,194.0,194.0,312.0,156.0,1.0,1.0,1.0
940,49,Übergang,4.0,240.0,556.0,975.0,243.75,1.0,3.0,1.0
941,49,viel,0.0,0.0,0.0,0.0,0.0,0.0,0.0,0.0
942,49,größer,4.0,285.0,285.0,796.0,199.0,1.0,3.0,1.0
943,49,wenn,1.0,486.0,486.0,486.0,486.0,1.0,0.0,0.0
944,49,der,1.0,0.0,0.0,168.0,168.0,1.0,0.0,0.0
945,49,Wellenvektor,3.0,308.0,308.0,810.0,270.0,1.0,2.0,1.0
946,49,des,3.0,210.0,210.0,556.0,185.33333333333331,1.0,2.0,1.0
947,49,Elektrons,5.0,203.0,203.0,862.0,172.39999999999998,1.0,4.0,1.0
948,49,dabei,1.0,0.0,0.0,154.0,154.0,1.0,0.0,0.0
949,49,erhalten,4.0,261.0,528.0,971.0,242.75,1.0,3.0,1.0
950,49,bleibt,3.0,213.0,213.0,617.0,205.6666666666667,1.0,2.0,1.0
951,49,als,1.0,0.0,0.0,191.0,191.0,1.0,0.0,0.0
952,49,wenn,4.0,270.0,270.0,971.0,242.75,1.0,3.0,1.0
953,49,wegen,5.0,142.0,142.0,849.0,169.8000000000001,1.0,4.0,1.0
954,49,der,3.0,243.0,243.0,735.0,245.0,1.0,2.0,1.0
955,49,Impulserhaltung,5.0,332.0,332.0,1450.0,290.0,1.0,4.0,1.0
956,49,beim,4.0,352.0,352.0,1149.0,287.25,1.0,3.0,1.0
957,49,Übergang,3.0,0.0,0.0,752.0,250.66666666666677,1.0,2.0,1.0
958,49,zusätzlich,3.0,393.0,393.0,765.0,255.0,1.0,2.0,1.0
959,49,ein,1.0,0.0,0.0,181.0,181.0,1.0,0.0,0.0
960,49,Phonon,4.0,214.0,214.0,1005.0,251.25,1.0,3.0,1.0
961,49,angeregt,4.0,351.0,443.0,1042.0,260.5,1.0,3.0,1.0
962,49,werden,3.0,0.0,0.0,553.0,184.33333333333331,1.0,2.0,1.0
963,49,muss,2.0,281.0,281.0,492.0,246.0,1.0,1.0,1.0
964,50,Durch,4.0,138.0,138.0,704.0,176.0,1.0,3.0,1.0
965,50,Endonuklease-Schnitte,10.0,305.0,2051.0,2621.0,262.10000000000014,1.0,9.0,1.0
966,50,und,1.0,0.0,0.0,238.0,238.0,1.0,0.0,0.0
967,50,anschließende,3.0,218.0,537.0,793.0,264.3333333333332,1.0,2.0,1.0
968,50,Ligation,5.0,240.0,877.0,2012.0,402.3999999999998,1.0,4.0,1.0
969,50,bilden,3.0,251.0,251.0,1126.0,375.33333333333337,1.0,2.0,1.0
970,50,sich,0.0,0.0,0.0,0.0,0.0,0.0,0.0,0.0
971,50,letztendlich,5.0,266.0,854.0,1265.0,253.0,1.0,4.0,1.0
972,50,wieder,3.0,354.0,354.0,870.0,290.0,1.0,2.0,1.0
973,50,zwei,0.0,0.0,0.0,0.0,0.0,0.0,0.0,0.0
974,50,komplette,3.0,243.0,243.0,640.0,213.3333333333333,1.0,2.0,1.0
975,50,Doppelhelices,7.0,282.0,1145.0,2125.0,303.57142857142856,1.0,6.0,1.0
976,50,aus,1.0,275.0,275.0,275.0,275.0,1.0,0.0,0.0
977,51,Anlegen,2.0,508.0,508.0,898.0,449.0,1.0,1.0,1.0
978,51,eines,1.0,214.0,214.0,214.0,214.0,1.0,0.0,0.0
979,51,elektrischen,3.0,318.0,487.0,727.0,242.33333333333323,1.0,2.0,1.0
980,51,Feldes,2.0,397.0,397.0,947.0,473.5,1.0,1.0,1.0
981,51,lässt,2.0,243.0,243.0,501.0,250.5,1.0,1.0,1.0
982,51,die,0.0,0.0,0.0,0.0,0.0,0.0,0.0,0.0
983,51,Polymerasekettenreaktion-Produkte,9.0,216.0,1806.0,3013.0,334.77777777777754,1.0,8.0,1.0
984,51,durch,0.0,0.0,0.0,0.0,0.0,0.0,0.0,0.0
985,51,ein,3.0,343.0,343.0,798.0,266.0,1.0,2.0,1.0
986,51,gelartiges,6.0,288.0,288.0,887.0,147.83333333333337,1.0,5.0,1.0
987,51,Medium,6.0,118.0,234.0,1211.0,201.8333333333333,1.0,5.0,1.0
988,51,zumeist,2.0,500.0,500.0,744.0,372.0,1.0,1.0,1.0
989,51,Agarose,8.0,564.0,723.0,2037.0,254.625,1.0,7.0,1.0
990,51,wandern,3.0,490.0,490.0,957.0,319.0,1.0,2.0,1.0
991,52,Nitrationen,6.0,218.0,1627.0,1892.0,315.3333333333333,1.0,5.0,1.0
992,52,diffundieren,4.0,351.0,537.0,999.0,249.75,1.0,3.0,1.0
993,52,schnell,2.0,321.0,321.0,540.0,270.0,1.0,1.0,1.0
994,52,im,0.0,0.0,0.0,0.0,0.0,0.0,0.0,0.0
995,52,Bodenwasser,5.0,557.0,1133.0,1907.0,381.3999999999998,1.0,4.0,1.0
996,53,Die,1.0,0.0,0.0,174.0,174.0,1.0,0.0,0.0
997,53,Prionenform,9.0,302.0,557.0,2498.0,277.5555555555556,1.0,8.0,1.0
998,53,vermehrt,5.0,241.0,423.0,981.0,196.1999999999999,1.0,4.0,1.0
999,53,sich,1.0,0.0,0.0,184.0,184.0,1.0,0.0,0.0
1000,53,somit,5.0,273.0,273.0,941.0,188.1999999999999,1.0,4.0,1.0
1001,53,über,1.0,0.0,0.0,160.0,160.0,1.0,0.0,0.0
1002,53,die,1.0,0.0,0.0,162.0,162.0,1.0,0.0,0.0
1003,53,Umwandlung,3.0,319.0,319.0,847.0,282.3333333333332,1.0,2.0,1.0
1004,53,vom,1.0,0.0,0.0,154.0,154.0,1.0,0.0,0.0
1005,53,Wildtypprotein,8.0,352.0,735.0,2044.0,255.5,1.0,7.0,1.0
1006,53,zum,3.0,98.0,98.0,312.0,104.0,1.0,2.0,1.0
1007,53,amyloiden,5.0,232.0,769.0,1365.0,273.0,1.0,4.0,1.0
1008,53,Typ,2.0,0.0,0.0,468.0,234.0,1.0,1.0,1.0
1009,54,Dieses,4.0,0.0,0.0,1993.0,498.25,1.0,3.0,1.0
1010,54,Ereignis,6.0,0.0,0.0,1844.0,307.33333333333326,1.0,5.0,1.0
1011,54,kann,0.0,0.0,0.0,0.0,0.0,0.0,0.0,0.0
1012,54,spontan,5.0,0.0,0.0,1243.0,248.6000000000001,1.0,4.0,1.0
1013,54,oder,0.0,0.0,0.0,0.0,0.0,0.0,0.0,0.0
1014,54,durch,4.0,0.0,0.0,782.0,195.5,1.0,3.0,1.0
1015,54,die,0.0,0.0,0.0,0.0,0.0,0.0,0.0,0.0
1016,54,Aufnahme,3.0,0.0,0.0,753.0,251.0,1.0,2.0,1.0
1017,54,eines,2.0,0.0,0.0,409.0,204.5,1.0,1.0,1.0
1018,54,anderen,3.0,0.0,0.0,807.0,269.0,1.0,2.0,1.0
1019,54,Prions,3.0,0.0,0.0,756.0,252.0,1.0,2.0,1.0
1020,54,erfolgen,3.0,0.0,0.0,1933.0,644.3333333333334,1.0,2.0,1.0
1021,55,Das,1.0,0.0,0.0,188.0,188.0,1.0,0.0,0.0
1022,55,Prion,3.0,419.0,419.0,1205.0,401.6666666666666,1.0,2.0,1.0
1023,55,bringt,4.0,398.0,398.0,1436.0,359.0,1.0,3.0,1.0
1024,55,keine,3.0,199.0,199.0,1076.0,358.66666666666663,1.0,2.0,1.0
1025,55,genetische,4.0,138.0,561.0,1088.0,272.0,1.0,3.0,1.0
1026,55,Veränderung,4.0,373.0,537.0,1125.0,281.25,1.0,3.0,1.0
1027,55,mit,0.0,0.0,0.0,0.0,0.0,0.0,0.0,0.0
1028,55,sich,3.0,274.0,274.0,652.0,217.33333333333323,1.0,2.0,1.0
1029,55,denn,3.0,343.0,343.0,732.0,244.0,1.0,2.0,1.0
1030,55,das,1.0,232.0,232.0,232.0,232.0,1.0,0.0,0.0
1031,55,verantwortliche,6.0,235.0,572.0,1212.0,202.0,1.0,5.0,1.0
1032,55,Gen,2.0,231.0,231.0,396.0,198.0,1.0,1.0,1.0
1033,55,führt,3.0,277.0,277.0,708.0,236.0,1.0,2.0,1.0
1034,55,weiterhin,4.0,319.0,319.0,914.0,228.5,1.0,3.0,1.0
1035,55,zur,1.0,0.0,0.0,333.0,333.0,1.0,0.0,0.0
1036,55,Expression,5.0,365.0,365.0,1301.0,260.1999999999999,1.0,4.0,1.0
1037,55,von,0.0,0.0,0.0,0.0,0.0,0.0,0.0,0.0
1038,55,Proteinen,5.0,360.0,574.0,1235.0,247.0,1.0,4.0,1.0
1039,55,mit,3.0,231.0,231.0,510.0,170.0,1.0,2.0,1.0
1040,55,normaler,4.0,174.0,407.0,781.0,195.25,1.0,3.0,1.0
1041,55,Primärstruktur,5.0,297.0,453.0,1157.0,231.3999999999999,1.0,4.0,1.0
1042,56,Ist,0.0,0.0,0.0,0.0,0.0,0.0,0.0,0.0
1043,56,eine,2.0,445.0,445.0,754.0,377.0,1.0,1.0,1.0
1044,56,solche,2.0,302.0,302.0,524.0,262.0,1.0,1.0,1.0
1045,56,Stelle,2.0,199.0,199.0,465.0,232.5,1.0,1.0,1.0
1046,56,gefunden,2.0,236.0,236.0,459.0,229.5,1.0,1.0,1.0
1047,56,dringt,2.0,0.0,0.0,355.0,177.5,1.0,1.0,1.0
1048,56,der,1.0,291.0,291.0,291.0,291.0,1.0,0.0,0.0
1049,56,Komplex,2.0,201.0,201.0,445.0,222.5,1.0,1.0,1.0
1050,56,in,0.0,0.0,0.0,0.0,0.0,0.0,0.0,0.0
1051,56,die,2.0,251.0,251.0,384.0,192.0,1.0,1.0,1.0
1052,56,Doppelhelix,5.0,147.0,780.0,1175.0,235.0,1.0,4.0,1.0
1053,56,ein,1.0,221.0,221.0,221.0,221.0,1.0,0.0,0.0
1054,56,verdrängt,2.0,492.0,492.0,718.0,359.0,1.0,1.0,1.0
1055,56,den,2.0,0.0,0.0,402.0,201.0,1.0,1.0,1.0
1056,56,homologen,5.0,299.0,299.0,1546.0,309.2,1.0,4.0,1.0
1057,56,und,1.0,0.0,0.0,174.0,174.0,1.0,0.0,0.0
1058,56,bindet,5.0,235.0,568.0,1305.0,261.0,1.0,4.0,1.0
1059,56,den,2.0,62.0,62.0,262.0,131.0,1.0,1.0,1.0
1060,56,komplementären,4.0,358.0,705.0,1194.0,298.5,1.0,3.0,1.0
1061,56,Strang,3.0,201.0,201.0,592.0,197.3333333333333,1.0,2.0,1.0
1062,57,Ist,0.0,0.0,0.0,0.0,0.0,0.0,0.0,0.0
1063,57,die,2.0,278.0,278.0,543.0,271.5,1.0,1.0,1.0
1064,57,Periode,3.0,281.0,281.0,701.0,233.66666666666677,1.0,2.0,1.0
1065,57,der,1.0,0.0,0.0,136.0,136.0,1.0,0.0,0.0
1066,57,Struktur,4.0,245.0,245.0,882.0,220.5,1.0,3.0,1.0
1067,57,ein,1.0,0.0,0.0,262.0,262.0,1.0,0.0,0.0
1068,57,π-vielfaches,4.0,315.0,315.0,1020.0,255.0,1.0,3.0,1.0
1069,57,der,1.0,166.0,166.0,166.0,166.0,1.0,0.0,0.0
1070,57,Wellenlänge,4.0,134.0,490.0,835.0,208.75,1.0,3.0,1.0
1071,57,überlagern,2.0,369.0,369.0,518.0,259.0,1.0,1.0,1.0
1072,57,sich,1.0,202.0,202.0,202.0,202.0,1.0,0.0,0.0
1073,57,die,1.0,0.0,0.0,155.0,155.0,1.0,0.0,0.0
1074,57,reflektierten,1.0,440.0,440.0,440.0,440.0,1.0,0.0,0.0
1075,57,Anteile,2.0,468.0,468.0,808.0,404.0,1.0,1.0,1.0
1076,57,phasenrichtig,6.0,285.0,951.0,1256.0,209.3333333333333,1.0,5.0,1.0
1077,57,und,1.0,209.0,209.0,209.0,209.0,1.0,0.0,0.0
1078,57,addieren,1.0,256.0,256.0,256.0,256.0,1.0,0.0,0.0
1079,57,sich,0.0,0.0,0.0,0.0,0.0,0.0,0.0,0.0
1080,57,deshalb,1.0,297.0,297.0,297.0,297.0,1.0,0.0,0.0
1081,58,Auch,1.0,200.0,200.0,200.0,200.0,1.0,0.0,0.0
1082,58,bei,1.0,0.0,0.0,192.0,192.0,1.0,0.0,0.0
1083,58,der,1.0,186.0,186.0,186.0,186.0,1.0,0.0,0.0
1084,58,Emission,3.0,349.0,349.0,618.0,206.0,1.0,2.0,1.0
1085,58,eines,1.0,129.0,129.0,129.0,129.0,1.0,0.0,0.0
1086,58,Photons,2.0,310.0,310.0,642.0,321.0,1.0,1.0,1.0
1087,58,erfährt,1.0,216.0,216.0,216.0,216.0,1.0,0.0,0.0
1088,58,das,1.0,0.0,0.0,273.0,273.0,1.0,0.0,0.0
1089,58,Atom,0.0,0.0,0.0,0.0,0.0,0.0,0.0,0.0
1090,58,einen,2.0,447.0,447.0,651.0,325.5,1.0,1.0,1.0
1091,58,Rückstoß,2.0,248.0,248.0,463.0,231.5,1.0,1.0,1.0
1092,59,Die,3.0,0.0,0.0,659.0,219.66666666666677,1.0,2.0,1.0
1093,59,Überlagerung,7.0,314.0,314.0,1809.0,258.4285714285715,1.0,6.0,1.0
1094,59,dieser,3.0,163.0,163.0,450.0,150.0,1.0,2.0,1.0
1095,59,Signalwelle,5.0,254.0,254.0,1214.0,242.80000000000013,1.0,4.0,1.0
1096,59,vom,1.0,0.0,0.0,268.0,268.0,1.0,0.0,0.0
1097,59,veränderten,4.0,333.0,559.0,1239.0,309.75,1.0,3.0,1.0
1098,59,Objekt,2.0,282.0,282.0,533.0,266.5,1.0,1.0,1.0
1099,59,mit,1.0,0.0,0.0,251.0,251.0,1.0,0.0,0.0
1100,59,der,1.0,0.0,0.0,309.0,309.0,1.0,0.0,0.0
1101,59,Rekonstruktionswelle,9.0,245.0,245.0,2120.0,235.55555555555563,1.0,8.0,1.0
1102,59,vom,1.0,0.0,0.0,130.0,130.0,1.0,0.0,0.0
1103,59,Hologramm,6.0,173.0,467.0,1235.0,205.8333333333333,1.0,5.0,1.0
1104,59,des,2.0,257.0,257.0,496.0,248.0,1.0,1.0,1.0
1105,59,unveränderten,2.0,276.0,276.0,562.0,281.0,1.0,1.0,1.0
1106,59,Objektes,3.0,286.0,286.0,701.0,233.66666666666677,1.0,2.0,1.0
1107,59,führt,3.0,348.0,514.0,711.0,237.0,1.0,2.0,1.0
1108,59,zu,0.0,0.0,0.0,0.0,0.0,0.0,0.0,0.0
1109,59,Interferenzstrukturen,4.0,285.0,592.0,903.0,225.75,1.0,3.0,1.0
1110,59,im,1.0,187.0,187.0,187.0,187.0,1.0,0.0,0.0
1111,59,holografischen,2.0,384.0,384.0,679.0,339.5,1.0,1.0,1.0
1112,59,Bild,1.0,168.0,168.0,168.0,168.0,1.0,0.0,0.0
1113,59,die,1.0,0.0,0.0,162.0,162.0,1.0,0.0,0.0
1114,59,nur,2.0,244.0,289.0,289.0,144.5,1.0,1.0,1.0
1115,59,für,1.0,0.0,0.0,141.0,141.0,1.0,0.0,0.0
1116,59,diejenigen,4.0,147.0,443.0,835.0,208.75,1.0,3.0,1.0
1117,59,Teile,1.0,0.0,0.0,283.0,283.0,1.0,0.0,0.0
1118,59,des,1.0,182.0,182.0,182.0,182.0,1.0,0.0,0.0
1119,59,Objektes,2.0,365.0,365.0,600.0,300.0,1.0,1.0,1.0
1120,59,auftreten,2.0,344.0,344.0,521.0,260.5,1.0,1.0,1.0
1121,59,die,0.0,0.0,0.0,0.0,0.0,0.0,0.0,0.0
1122,59,sich,2.0,239.0,239.0,458.0,229.0,1.0,1.0,1.0
1123,59,verändert,2.0,312.0,312.0,635.0,317.5,1.0,1.0,1.0
1124,59,haben,2.0,191.0,191.0,378.0,189.0,1.0,1.0,1.0
1125,60,Die,0.0,0.0,0.0,0.0,0.0,0.0,0.0,0.0
1126,60,Hologrammplatte,3.0,318.0,613.0,942.0,314.0,1.0,2.0,1.0
1127,60,wird,2.0,213.0,213.0,424.0,212.0,1.0,1.0,1.0
1128,60,dann,2.0,170.0,170.0,296.0,148.0,1.0,1.0,1.0
1129,60,ohne,1.0,133.0,133.0,133.0,133.0,1.0,0.0,0.0
1130,60,sie,1.0,0.0,0.0,273.0,273.0,1.0,0.0,0.0
1131,60,zu,0.0,0.0,0.0,0.0,0.0,0.0,0.0,0.0
1132,60,bewegen,3.0,171.0,171.0,741.0,247.0,1.0,2.0,1.0
1133,60,am,0.0,0.0,0.0,0.0,0.0,0.0,0.0,0.0
1134,60,festen,2.0,300.0,300.0,604.0,302.0,1.0,1.0,1.0
1135,60,Ort,0.0,0.0,0.0,0.0,0.0,0.0,0.0,0.0
1136,60,der,1.0,230.0,230.0,230.0,230.0,1.0,0.0,0.0
1137,60,Aufnahme,2.0,285.0,285.0,484.0,242.0,1.0,1.0,1.0
1138,60,entwickelt,4.0,280.0,516.0,914.0,228.5,1.0,3.0,1.0
1139,60,und,0.0,0.0,0.0,0.0,0.0,0.0,0.0,0.0
1140,60,mit,1.0,292.0,292.0,292.0,292.0,1.0,0.0,0.0
1141,60,der,1.0,0.0,0.0,202.0,202.0,1.0,0.0,0.0
1142,60,Referenzwelle,5.0,220.0,843.0,1108.0,221.60000000000008,1.0,4.0,1.0
1143,60,beleuchtet,2.0,352.0,352.0,580.0,290.0,1.0,1.0,1.0
1144,60,sodass,2.0,240.0,240.0,393.0,196.5,1.0,1.0,1.0
1145,60,ein,1.0,114.0,114.0,114.0,114.0,1.0,0.0,0.0
1146,60,Hologrammbild,4.0,175.0,433.0,883.0,220.75,1.0,3.0,1.0
1147,60,erzeugt,2.0,259.0,259.0,517.0,258.5,1.0,1.0,1.0
1148,60,wird,1.0,180.0,180.0,180.0,180.0,1.0,0.0,0.0
1149,61,Myosin,4.0,285.0,475.0,1037.0,259.25,1.0,3.0,1.0
1150,61,II,1.0,293.0,293.0,293.0,293.0,1.0,0.0,0.0
1151,61,ist,1.0,0.0,0.0,312.0,312.0,1.0,0.0,0.0
1152,61,ein,0.0,0.0,0.0,0.0,0.0,0.0,0.0,0.0
1153,61,Dimer,3.0,261.0,467.0,831.0,277.0,1.0,2.0,1.0
1154,61,es,0.0,0.0,0.0,0.0,0.0,0.0,0.0,0.0
1155,61,hat,1.0,0.0,0.0,238.0,238.0,1.0,0.0,0.0
1156,61,zwei,2.0,315.0,315.0,636.0,318.0,1.0,1.0,1.0
1157,61,Köpfe,0.0,0.0,0.0,0.0,0.0,0.0,0.0,0.0
1158,61,und,2.0,225.0,225.0,420.0,210.0,1.0,1.0,1.0
1159,61,kann,1.0,320.0,320.0,320.0,320.0,1.0,0.0,0.0
1160,61,mit,1.0,0.0,0.0,203.0,203.0,1.0,0.0,0.0
1161,61,seinem,2.0,344.0,344.0,549.0,274.5,1.0,1.0,1.0
1162,61,Schwanz,3.0,182.0,382.0,842.0,280.6666666666668,1.0,2.0,1.0
1163,61,an,0.0,0.0,0.0,0.0,0.0,0.0,0.0,0.0
1164,61,ein,2.0,231.0,231.0,438.0,219.0,1.0,1.0,1.0
1165,61,bipolares,2.0,294.0,294.0,605.0,302.5,1.0,1.0,1.0
1166,61,Filament,4.0,375.0,609.0,1002.0,250.5,1.0,3.0,1.0
1167,61,binden,0.0,0.0,0.0,0.0,0.0,0.0,0.0,0.0
1168,62,Atome,3.0,232.0,232.0,624.0,208.0,1.0,2.0,1.0
1169,62,die,1.0,0.0,0.0,200.0,200.0,1.0,0.0,0.0
1170,62,sich,3.0,207.0,207.0,873.0,291.0,1.0,2.0,1.0
1171,62,nur,3.0,210.0,210.0,588.0,196.0,1.0,2.0,1.0
1172,62,in,2.0,0.0,0.0,566.0,283.0,1.0,1.0,1.0
1173,62,ihrem,4.0,230.0,230.0,1283.0,320.75,1.0,3.0,1.0
1174,62,Impuls,3.0,186.0,186.0,529.0,176.33333333333331,1.0,2.0,1.0
1175,62,unterscheiden,8.0,134.0,410.0,1524.0,190.5,1.0,7.0,1.0
1176,62,können,3.0,245.0,245.0,687.0,229.0,1.0,2.0,1.0
1177,62,also,2.0,0.0,0.0,818.0,409.0,1.0,1.0,1.0
1178,62,Photonen,3.0,323.0,323.0,854.0,284.66666666666674,1.0,2.0,1.0
1179,62,mit,1.0,0.0,0.0,205.0,205.0,1.0,0.0,0.0
1180,62,unterschiedlicher,5.0,197.0,197.0,1007.0,201.39999999999995,1.0,4.0,1.0
1181,62,Frequenz,3.0,461.0,461.0,973.0,324.3333333333333,1.0,2.0,1.0
1182,62,absorbieren,3.0,478.0,478.0,1109.0,369.66666666666663,1.0,2.0,1.0
1183,62,bzw.,2.0,198.0,198.0,405.0,202.5,1.0,1.0,1.0
1184,62,emittieren,3.0,337.0,337.0,794.0,264.6666666666668,1.0,2.0,1.0
1185,63,Aktinbindende,11.0,257.0,1018.0,2579.0,234.4545454545453,1.0,10.0,1.0
1186,63,Motorproteine,7.0,365.0,592.0,2467.0,352.42857142857133,1.0,6.0,1.0
1187,63,sind,3.0,0.0,0.0,681.0,227.0,1.0,2.0,1.0
1188,63,die,1.0,234.0,234.0,234.0,234.0,1.0,0.0,0.0
1189,63,Myosine,7.0,441.0,1016.0,2121.0,303.0,1.0,6.0,1.0
1190,63,von,3.0,247.0,247.0,704.0,234.66666666666677,1.0,2.0,1.0
1191,63,denen,6.0,351.0,351.0,1453.0,242.16666666666677,1.0,5.0,1.0
1192,63,in,0.0,0.0,0.0,0.0,0.0,0.0,0.0,0.0
1193,63,Eukaryoten,7.0,156.0,969.0,1780.0,254.28571428571442,1.0,6.0,1.0
1194,63,siebzehn,2.0,321.0,321.0,704.0,352.0,1.0,1.0,1.0
1195,63,Familien,2.0,303.0,303.0,597.0,298.5,1.0,1.0,1.0
1196,63,vorkommen,3.0,338.0,338.0,888.0,296.0,1.0,2.0,1.0
1197,64,Eine,2.0,0.0,0.0,539.0,269.5,1.0,1.0,1.0
1198,64,Deletion,9.0,361.0,361.0,3117.0,346.33333333333337,1.0,8.0,1.0
1199,64,des,1.0,0.0,0.0,175.0,175.0,1.0,0.0,0.0
1200,64,codierenden,6.0,175.0,175.0,1596.0,266.0,1.0,5.0,1.0
1201,64,Gens,3.0,218.0,218.0,996.0,332.0,1.0,2.0,1.0
1202,64,des,0.0,0.0,0.0,0.0,0.0,0.0,0.0,0.0
1203,64,zellulären,3.0,298.0,298.0,945.0,315.0,1.0,2.0,1.0
1204,64,Proteins,3.0,354.0,354.0,1023.0,341.0,1.0,2.0,1.0
1205,64,würde,1.0,0.0,0.0,236.0,236.0,1.0,0.0,0.0
1206,64,somit,2.0,247.0,247.0,477.0,238.5,1.0,1.0,1.0
1207,64,eine,2.0,157.0,157.0,428.0,214.0,1.0,1.0,1.0
1208,64,Prioneninfektion,6.0,312.0,312.0,1739.0,289.83333333333326,1.0,5.0,1.0
1209,64,verhindern,4.0,309.0,504.0,1043.0,260.75,1.0,3.0,1.0
1210,65,Wurzeln,2.0,275.0,275.0,539.0,269.5,1.0,1.0,1.0
1211,65,die,0.0,0.0,0.0,0.0,0.0,0.0,0.0,0.0
1212,65,durch,2.0,381.0,381.0,589.0,294.5,1.0,1.0,1.0
1213,65,den,0.0,0.0,0.0,0.0,0.0,0.0,0.0,0.0
1214,65,Boden,2.0,248.0,248.0,532.0,266.0,1.0,1.0,1.0
1215,65,wachsen,2.0,373.0,373.0,544.0,272.0,1.0,1.0,1.0
1216,65,können,2.0,221.0,221.0,415.0,207.5,1.0,1.0,1.0
1217,65,auf,2.0,200.0,200.0,389.0,194.5,1.0,1.0,1.0
1218,65,Regionen,2.0,229.0,229.0,355.0,177.5,1.0,1.0,1.0
1219,65,treffen,2.0,457.0,457.0,775.0,387.5,1.0,1.0,1.0
1220,65,die,0.0,0.0,0.0,0.0,0.0,0.0,0.0,0.0
1221,65,sich,1.0,279.0,279.0,279.0,279.0,1.0,0.0,0.0
1222,65,im,0.0,0.0,0.0,0.0,0.0,0.0,0.0,0.0
1223,65,Wasser-,2.0,316.0,316.0,670.0,335.0,1.0,1.0,1.0
1224,65,und,0.0,0.0,0.0,0.0,0.0,0.0,0.0,0.0
1225,65,Mineralstoffgehalt,5.0,268.0,523.0,1247.0,249.3999999999999,1.0,4.0,1.0
1226,65,unterscheiden,4.0,293.0,453.0,1016.0,254.0,1.0,3.0,1.0
1227,66,Stärke,2.0,157.0,157.0,516.0,258.0,1.0,1.0,1.0
1228,66,ist,2.0,0.0,0.0,399.0,199.5,1.0,1.0,1.0
1229,66,ein,1.0,212.0,212.0,212.0,212.0,1.0,0.0,0.0
1230,66,großes,3.0,304.0,304.0,787.0,262.3333333333332,1.0,2.0,1.0
1231,66,Polymer,3.0,312.0,441.0,674.0,224.66666666666677,1.0,2.0,1.0
1232,66,aus,1.0,202.0,202.0,202.0,202.0,1.0,0.0,0.0
1233,66,Glucose,3.0,116.0,421.0,1081.0,360.33333333333337,1.0,2.0,1.0
1234,66,wirkt,2.0,0.0,0.0,443.0,221.5,1.0,1.0,1.0
1235,66,ebenfalls,3.0,317.0,500.0,771.0,257.0,1.0,2.0,1.0
1236,66,nicht,0.0,0.0,0.0,0.0,0.0,0.0,0.0,0.0
1237,66,reduzierend,4.0,210.0,396.0,805.0,201.25,1.0,3.0,1.0
1238,66,und,0.0,0.0,0.0,0.0,0.0,0.0,0.0,0.0
1239,66,ist,0.0,0.0,0.0,0.0,0.0,0.0,0.0,0.0
1240,66,hauptsächlich,3.0,511.0,735.0,979.0,326.3333333333333,1.0,2.0,1.0
1241,66,in,0.0,0.0,0.0,0.0,0.0,0.0,0.0,0.0
1242,66,Speicherorganen,8.0,284.0,675.0,1806.0,225.75,1.0,7.0,1.0
1243,66,zu,0.0,0.0,0.0,0.0,0.0,0.0,0.0,0.0
1244,66,finden,2.0,215.0,215.0,430.0,215.0,1.0,1.0,1.0
1245,67,Nimmt,2.0,0.0,0.0,432.0,216.0,1.0,1.0,1.0
1246,67,man,2.0,469.0,469.0,663.0,331.5,1.0,1.0,1.0
1247,67,am,1.0,0.0,0.0,350.0,350.0,1.0,0.0,0.0
1248,67,Objekt,3.0,381.0,381.0,745.0,248.33333333333323,1.0,2.0,1.0
1249,67,nur,1.0,0.0,0.0,322.0,322.0,1.0,0.0,0.0
1250,67,sehr,2.0,496.0,496.0,698.0,349.0,1.0,1.0,1.0
1251,67,kleine,2.0,121.0,121.0,377.0,188.5,1.0,1.0,1.0
1252,67,Änderungen,1.0,249.0,249.0,249.0,249.0,1.0,0.0,0.0
1253,67,vor,1.0,0.0,0.0,213.0,213.0,1.0,0.0,0.0
1254,67,und,1.0,326.0,326.0,326.0,326.0,1.0,0.0,0.0
1255,67,beleuchtet,2.0,371.0,371.0,770.0,385.0,1.0,1.0,1.0
1256,67,es,0.0,0.0,0.0,0.0,0.0,0.0,0.0,0.0
1257,67,am,0.0,0.0,0.0,0.0,0.0,0.0,0.0,0.0
1258,67,gleichen,2.0,325.0,325.0,480.0,240.0,1.0,1.0,1.0
1259,67,Ort,1.0,0.0,0.0,274.0,274.0,1.0,0.0,0.0
1260,67,wieder,2.0,139.0,454.0,454.0,227.0,1.0,1.0,1.0
1261,67,genau,1.0,664.0,664.0,664.0,664.0,1.0,0.0,0.0
1262,67,wie,1.0,0.0,0.0,226.0,226.0,1.0,0.0,0.0
1263,67,bei,1.0,218.0,218.0,218.0,218.0,1.0,0.0,0.0
1264,67,der,0.0,0.0,0.0,0.0,0.0,0.0,0.0,0.0
1265,67,ersten,1.0,302.0,302.0,302.0,302.0,1.0,0.0,0.0
1266,67,Aufnahme,2.0,184.0,184.0,459.0,229.5,1.0,1.0,1.0
1267,67,so,0.0,0.0,0.0,0.0,0.0,0.0,0.0,0.0
1268,67,werden,2.0,232.0,232.0,450.0,225.0,1.0,1.0,1.0
1269,67,sich,1.0,0.0,0.0,233.0,233.0,1.0,0.0,0.0
1270,67,diese,1.0,296.0,296.0,296.0,296.0,1.0,0.0,0.0
1271,67,Änderungen,2.0,158.0,158.0,397.0,198.5,1.0,1.0,1.0
1272,67,in,0.0,0.0,0.0,0.0,0.0,0.0,0.0,0.0
1273,67,Phasenverschiebungen,6.0,308.0,546.0,1446.0,241.0,1.0,5.0,1.0
1274,67,der,1.0,166.0,166.0,166.0,166.0,1.0,0.0,0.0
1275,67,Signalwelle,3.0,461.0,461.0,971.0,323.6666666666667,1.0,2.0,1.0
1276,67,äußern,1.0,414.0,414.0,414.0,414.0,1.0,0.0,0.0
1277,68,Daraus,4.0,210.0,210.0,899.0,224.75,1.0,3.0,1.0
1278,68,ergeben,3.0,219.0,219.0,840.0,280.0,1.0,2.0,1.0
1279,68,sich,3.0,248.0,248.0,622.0,207.3333333333333,1.0,2.0,1.0
1280,68,zwischen,6.0,279.0,279.0,1303.0,217.16666666666677,1.0,5.0,1.0
1281,68,den,0.0,0.0,0.0,0.0,0.0,0.0,0.0,0.0
1282,68,Parabeln,4.0,245.0,245.0,830.0,207.5,1.0,3.0,1.0
1283,68,die,3.0,441.0,441.0,847.0,282.3333333333332,1.0,2.0,1.0
1284,68,so,1.0,212.0,212.0,212.0,212.0,1.0,0.0,0.0
1285,68,genannten,6.0,176.0,394.0,1175.0,195.8333333333333,1.0,5.0,1.0
1286,68,Standardbänder,5.0,379.0,816.0,1975.0,395.0,1.0,4.0,1.0
1287,69,Es,0.0,0.0,0.0,0.0,0.0,0.0,0.0,0.0
1288,69,ist,2.0,271.0,271.0,623.0,311.5,1.0,1.0,1.0
1289,69,im,0.0,0.0,0.0,0.0,0.0,0.0,0.0,0.0
1290,69,kontraktilen,6.0,428.0,1187.0,1977.0,329.5,1.0,5.0,1.0
1291,69,Apparat,7.0,196.0,534.0,1546.0,220.85714285714292,1.0,6.0,1.0
1292,69,der,0.0,0.0,0.0,0.0,0.0,0.0,0.0,0.0
1293,69,Muskelzellen,3.0,358.0,581.0,969.0,323.0,1.0,2.0,1.0
1294,69,zu,0.0,0.0,0.0,0.0,0.0,0.0,0.0,0.0
1295,69,finden,2.0,251.0,251.0,450.0,225.0,1.0,1.0,1.0
1296,69,aber,2.0,308.0,308.0,489.0,244.5,1.0,1.0,1.0
1297,69,auch,2.0,169.0,169.0,216.0,108.0,1.0,1.0,1.0
1298,69,in,1.0,0.0,0.0,219.0,219.0,1.0,0.0,0.0
1299,69,anderen,3.0,182.0,182.0,611.0,203.6666666666667,1.0,2.0,1.0
1300,69,Zellen,0.0,0.0,0.0,0.0,0.0,0.0,0.0,0.0
1301,69,wo,0.0,0.0,0.0,0.0,0.0,0.0,0.0,0.0
1302,69,es,1.0,411.0,411.0,411.0,411.0,1.0,0.0,0.0
1303,69,am,1.0,0.0,0.0,327.0,327.0,1.0,0.0,0.0
1304,69,Kontraktionsmechanismus,7.0,347.0,1181.0,1989.0,284.14285714285705,1.0,6.0,1.0
1305,69,beteiligt,3.0,752.0,752.0,1283.0,427.6666666666666,1.0,2.0,1.0
1306,69,ist,3.0,221.0,221.0,544.0,181.33333333333331,1.0,2.0,1.0
1307,70,Wurzeln,4.0,251.0,251.0,1232.0,308.0,1.0,3.0,1.0
1308,70,entziehen,2.0,0.0,0.0,926.0,463.0,1.0,1.0,1.0
1309,70,dem,0.0,0.0,0.0,0.0,0.0,0.0,0.0,0.0
1310,70,Boden,2.0,134.0,134.0,583.0,291.5,1.0,1.0,1.0
1311,70,Wasser,2.0,252.0,252.0,450.0,225.0,1.0,1.0,1.0
1312,70,aber,1.0,251.0,251.0,251.0,251.0,1.0,0.0,0.0
1313,70,sie,1.0,0.0,0.0,160.0,160.0,1.0,0.0,0.0
1314,70,nehmen,1.0,303.0,303.0,303.0,303.0,1.0,0.0,0.0
1315,70,auch,1.0,0.0,0.0,167.0,167.0,1.0,0.0,0.0
1316,70,essenzielle,3.0,300.0,447.0,671.0,223.66666666666677,1.0,2.0,1.0
1317,70,Mineralstoffe,2.0,246.0,246.0,456.0,228.0,1.0,1.0,1.0
1318,70,auf,1.0,224.0,224.0,224.0,224.0,1.0,0.0,0.0
1319,71,Diese,2.0,0.0,0.0,426.0,213.0,1.0,1.0,1.0
1320,71,Idee,3.0,0.0,0.0,738.0,246.0,1.0,2.0,1.0
1321,71,wurde,1.0,0.0,0.0,218.0,218.0,1.0,0.0,0.0
1322,71,unterstützt,5.0,0.0,0.0,1181.0,236.19999999999987,1.0,4.0,1.0
1323,71,durch,1.0,114.0,114.0,114.0,114.0,1.0,0.0,0.0
1324,71,das,1.0,257.0,257.0,257.0,257.0,1.0,0.0,0.0
1325,71,anomale,4.0,249.0,249.0,933.0,233.25,1.0,3.0,1.0
1326,71,magnetische,8.0,257.0,457.0,1770.0,221.25,1.0,7.0,1.0
1327,71,Moment,2.0,0.0,0.0,578.0,289.0,1.0,1.0,1.0
1328,71,des,4.0,484.0,484.0,1043.0,260.75,1.0,3.0,1.0
1329,71,Neutrons,6.0,328.0,328.0,1618.0,269.6666666666668,1.0,5.0,1.0
1330,71,das,0.0,0.0,0.0,0.0,0.0,0.0,0.0,0.0
1331,71,als,1.0,633.0,633.0,633.0,633.0,1.0,0.0,0.0
1332,71,neutrales,1.0,304.0,304.0,304.0,304.0,1.0,0.0,0.0
1333,71,Teilchen,1.0,244.0,244.0,244.0,244.0,1.0,0.0,0.0
1334,71,eigentlich,1.0,0.0,0.0,208.0,208.0,1.0,0.0,0.0
1335,71,kein,3.0,155.0,155.0,536.0,178.66666666666669,1.0,2.0,1.0
1336,71,magnetisches,1.0,266.0,266.0,266.0,266.0,1.0,0.0,0.0
1337,71,Moment,2.0,268.0,268.0,527.0,263.5,1.0,1.0,1.0
1338,71,haben,0.0,0.0,0.0,0.0,0.0,0.0,0.0,0.0
1339,71,sollte,1.0,251.0,251.0,251.0,251.0,1.0,0.0,0.0
1340,71,außer,0.0,0.0,0.0,0.0,0.0,0.0,0.0,0.0
1341,71,wenn,1.0,288.0,288.0,288.0,288.0,1.0,0.0,0.0
1342,71,es,0.0,0.0,0.0,0.0,0.0,0.0,0.0,0.0
1343,71,aus,1.0,265.0,265.0,265.0,265.0,1.0,0.0,0.0
1344,71,geladenen,1.0,267.0,267.0,267.0,267.0,1.0,0.0,0.0
1345,71,Teilchen,1.0,0.0,0.0,387.0,387.0,1.0,0.0,0.0
1346,71,zusammengesetzt,4.0,198.0,759.0,996.0,249.0,1.0,3.0,1.0
1347,71,ist,3.0,295.0,295.0,692.0,230.66666666666677,1.0,2.0,1.0
1348,71,deren,1.0,0.0,0.0,306.0,306.0,1.0,0.0,0.0
1349,71,Ladungen,1.0,0.0,0.0,165.0,165.0,1.0,0.0,0.0
1350,71,sich,0.0,0.0,0.0,0.0,0.0,0.0,0.0,0.0
1351,71,zu,0.0,0.0,0.0,0.0,0.0,0.0,0.0,0.0
1352,71,nan,2.0,126.0,126.0,355.0,177.5,1.0,1.0,1.0
1353,71,kompensieren,1.0,307.0,307.0,307.0,307.0,1.0,0.0,0.0
1354,72,Das,0.0,0.0,0.0,0.0,0.0,0.0,0.0,0.0
1355,72,am,3.0,245.0,245.0,814.0,271.3333333333332,1.0,2.0,1.0
1356,72,häufigsten,3.0,433.0,433.0,866.0,288.66666666666674,1.0,2.0,1.0
1357,72,in,0.0,0.0,0.0,0.0,0.0,0.0,0.0,0.0
1358,72,der,0.0,0.0,0.0,0.0,0.0,0.0,0.0,0.0
1359,72,Biosphäre,6.0,220.0,461.0,1540.0,256.6666666666668,1.0,5.0,1.0
1360,72,vorkommende,5.0,209.0,209.0,928.0,185.60000000000002,1.0,4.0,1.0
1361,72,Kohlenhydrat,9.0,292.0,1565.0,2274.0,252.66666666666677,1.0,8.0,1.0
1362,72,ist,1.0,0.0,0.0,236.0,236.0,1.0,0.0,0.0
1363,72,unbestritten,10.0,335.0,618.0,2327.0,232.69999999999987,1.0,9.0,1.0
1364,72,die,1.0,0.0,0.0,192.0,192.0,1.0,0.0,0.0
1365,72,Cellulose,7.0,398.0,509.0,1923.0,274.71428571428555,1.0,6.0,1.0
1366,73,Fällt,3.0,393.0,393.0,963.0,321.0,1.0,2.0,1.0
1367,73,eine,1.0,0.0,0.0,218.0,218.0,1.0,0.0,0.0
1368,73,Lichtwelle,7.0,745.0,745.0,2292.0,327.4285714285714,1.0,6.0,1.0
1369,73,auf,0.0,0.0,0.0,0.0,0.0,0.0,0.0,0.0
1370,73,diese,2.0,0.0,0.0,627.0,313.5,1.0,1.0,1.0
1371,73,Struktur,5.0,200.0,383.0,982.0,196.39999999999995,1.0,4.0,1.0
1372,73,so,1.0,0.0,0.0,223.0,223.0,1.0,0.0,0.0
1373,73,wird,4.0,261.0,261.0,1013.0,253.25,1.0,3.0,1.0
1374,73,ein,3.0,0.0,0.0,712.0,237.33333333333323,1.0,2.0,1.0
1375,73,Teil,3.0,208.0,208.0,809.0,269.6666666666668,1.0,2.0,1.0
1376,73,der,3.0,217.0,217.0,601.0,200.3333333333333,1.0,2.0,1.0
1377,73,Wellenamplitude,8.0,303.0,603.0,2427.0,303.375,1.0,7.0,1.0
1378,73,an,0.0,0.0,0.0,0.0,0.0,0.0,0.0,0.0
1379,73,den,3.0,0.0,0.0,695.0,231.66666666666677,1.0,2.0,1.0
1380,73,Grenzflächen,5.0,177.0,177.0,1149.0,229.80000000000013,1.0,4.0,1.0
1381,73,der,1.0,250.0,250.0,250.0,250.0,1.0,0.0,0.0
1382,73,periodischen,5.0,212.0,212.0,981.0,196.1999999999999,1.0,4.0,1.0
1383,73,Struktur,1.0,219.0,219.0,219.0,219.0,1.0,0.0,0.0
1384,73,reflektiert,2.0,378.0,378.0,873.0,436.5,1.0,1.0,1.0
1385,74,Je,1.0,0.0,0.0,183.0,183.0,1.0,0.0,0.0
1386,74,nach,3.0,467.0,467.0,908.0,302.66666666666674,1.0,2.0,1.0
1387,74,Klasse,2.0,222.0,222.0,276.0,138.0,1.0,1.0,1.0
1388,74,kann,2.0,0.0,0.0,663.0,331.5,1.0,1.0,1.0
1389,74,der,2.0,0.0,0.0,339.0,169.5,1.0,1.0,1.0
1390,74,Schwanz,4.0,162.0,162.0,1201.0,300.25,1.0,3.0,1.0
1391,74,an,1.0,0.0,0.0,211.0,211.0,1.0,0.0,0.0
1392,74,Vesikel,4.0,367.0,588.0,1652.0,413.0,1.0,3.0,1.0
1393,74,anlagern,3.0,244.0,481.0,697.0,232.33333333333323,1.0,2.0,1.0
1394,74,um,0.0,0.0,0.0,0.0,0.0,0.0,0.0,0.0
1395,74,sie,2.0,0.0,0.0,403.0,201.5,1.0,1.0,1.0
1396,74,entlang,2.0,274.0,274.0,463.0,231.5,1.0,1.0,1.0
1397,74,des,1.0,0.0,0.0,156.0,156.0,1.0,0.0,0.0
1398,74,Aktinfilaments,5.0,321.0,740.0,1293.0,258.60000000000014,1.0,4.0,1.0
1399,74,zu,0.0,0.0,0.0,0.0,0.0,0.0,0.0,0.0
1400,74,ziehen,2.0,335.0,335.0,518.0,259.0,1.0,1.0,1.0
1401,75,Ein,1.0,233.0,233.0,413.0,413.0,1.0,0.0,0.0
1402,75,Zyklotron,4.0,0.0,0.0,993.0,248.25,1.0,3.0,1.0
1403,75,besteht,1.0,0.0,0.0,227.0,227.0,1.0,0.0,0.0
1404,75,aus,0.0,0.0,0.0,0.0,0.0,0.0,0.0,0.0
1405,75,einer,1.0,0.0,0.0,260.0,260.0,1.0,0.0,0.0
1406,75,flachen,2.0,0.0,0.0,628.0,314.0,1.0,1.0,1.0
1407,75,zylindrischen,3.0,0.0,0.0,767.0,255.66666666666677,1.0,2.0,1.0
1408,75,Vakuumkammer,6.0,0.0,0.0,1751.0,291.83333333333326,1.0,5.0,1.0
1409,75,zwischen,2.0,0.0,0.0,491.0,245.5,1.0,1.0,1.0
1410,75,den,0.0,0.0,0.0,0.0,0.0,0.0,0.0,0.0
1411,75,Polen,4.0,0.0,0.0,1020.0,255.0,1.0,3.0,1.0
1412,75,eines,1.0,0.0,0.0,189.0,189.0,1.0,0.0,0.0
1413,75,Elektromagneten,6.0,0.0,0.0,1711.0,285.16666666666674,1.0,5.0,1.0
1414,75,der,1.0,0.0,0.0,249.0,249.0,1.0,0.0,0.0
1415,75,ein,1.0,0.0,0.0,152.0,152.0,1.0,0.0,0.0
1416,75,Feld,3.0,0.0,0.0,530.0,176.66666666666669,1.0,2.0,1.0
1417,75,in,1.0,0.0,0.0,240.0,240.0,1.0,0.0,0.0
1418,75,z-Richtung,2.0,181.0,181.0,646.0,323.0,1.0,1.0,1.0
1419,75,erzeugt,2.0,0.0,0.0,743.0,371.5,1.0,1.0,1.0
1420,76,Eine,2.0,214.0,214.0,483.0,241.5,1.0,1.0,1.0
1421,76,schwere,4.0,358.0,358.0,913.0,228.25,1.0,3.0,1.0
1422,76,Kette,5.0,261.0,441.0,935.0,187.0,1.0,4.0,1.0
1423,76,ist,3.0,0.0,0.0,663.0,221.0,1.0,2.0,1.0
1424,76,an,1.0,200.0,200.0,200.0,200.0,1.0,0.0,0.0
1425,76,der,1.0,0.0,0.0,315.0,315.0,1.0,0.0,0.0
1426,76,Ausbildung,6.0,246.0,246.0,1473.0,245.5,1.0,5.0,1.0
1427,76,einer,2.0,0.0,0.0,567.0,283.5,1.0,1.0,1.0
1428,76,Schwanz-,6.0,237.0,237.0,1228.0,204.6666666666667,1.0,5.0,1.0
1429,76,und,4.0,184.0,184.0,847.0,211.75,1.0,3.0,1.0
1430,76,einer,3.0,319.0,319.0,609.0,203.0,1.0,2.0,1.0
1431,76,Kopfregion,5.0,0.0,0.0,1694.0,338.79999999999995,1.0,4.0,1.0
1432,76,beteiligt,5.0,130.0,130.0,1250.0,250.0,1.0,4.0,1.0
1433,76,welche,2.0,327.0,327.0,532.0,266.0,1.0,1.0,1.0
1434,76,die,1.0,0.0,0.0,176.0,176.0,1.0,0.0,0.0
1435,76,Motordomäne,6.0,252.0,809.0,1892.0,315.3333333333333,1.0,5.0,1.0
1436,76,bildet,3.0,271.0,467.0,595.0,198.3333333333333,1.0,2.0,1.0
1437,77,Dies,2.0,0.0,0.0,476.0,238.0,1.0,1.0,1.0
1438,77,wird,2.0,267.0,437.0,437.0,218.5,1.0,1.0,1.0
1439,77,in,2.0,0.0,0.0,375.0,187.5,1.0,1.0,1.0
1440,77,der,0.0,0.0,0.0,0.0,0.0,0.0,0.0,0.0
1441,77,Mößbauerspektroskopie,8.0,224.0,872.0,1790.0,223.75,1.0,7.0,1.0
1442,77,benutzt,3.0,268.0,268.0,790.0,263.3333333333332,1.0,2.0,1.0
1443,77,um,3.0,184.0,184.0,534.0,178.0,1.0,2.0,1.0
1444,77,mit,0.0,0.0,0.0,0.0,0.0,0.0,0.0,0.0
1445,77,Hilfe,3.0,364.0,364.0,1214.0,404.6666666666666,1.0,2.0,1.0
1446,77,der,0.0,0.0,0.0,0.0,0.0,0.0,0.0,0.0
1447,77,Dopplerverschiebung,5.0,294.0,624.0,1147.0,229.3999999999999,1.0,4.0,1.0
1448,77,der,0.0,0.0,0.0,0.0,0.0,0.0,0.0,0.0
1449,77,Emissionslinien,4.0,345.0,927.0,1522.0,380.5,1.0,3.0,1.0
1450,77,etwa,0.0,0.0,0.0,0.0,0.0,0.0,0.0,0.0
1451,77,Hyperfeinstrukturenaufspaltungen,7.0,356.0,1076.0,2043.0,291.85714285714295,1.0,6.0,1.0
1452,77,in,0.0,0.0,0.0,0.0,0.0,0.0,0.0,0.0
1453,77,einer,2.0,641.0,641.0,1019.0,509.5,1.0,1.0,1.0
1454,77,Probe,0.0,0.0,0.0,0.0,0.0,0.0,0.0,0.0
1455,77,zu,2.0,438.0,438.0,547.0,273.5,1.0,1.0,1.0
1456,77,analysieren,4.0,182.0,710.0,924.0,231.0,1.0,3.0,1.0
1457,78,Bei,0.0,0.0,0.0,0.0,0.0,0.0,0.0,0.0
1458,78,der,4.0,229.0,229.0,1218.0,304.5,1.0,3.0,1.0
1459,78,rekombinatorischen,8.0,286.0,797.0,1942.0,242.75,1.0,7.0,1.0
1460,78,Reparatur,4.0,205.0,383.0,1102.0,275.5,1.0,3.0,1.0
1461,78,bindet,4.0,308.0,308.0,1112.0,278.0,1.0,3.0,1.0
1462,78,das,0.0,0.0,0.0,0.0,0.0,0.0,0.0,0.0
1463,78,RecA-Protein,6.0,232.0,232.0,1513.0,252.16666666666677,1.0,5.0,1.0
1464,78,an,0.0,0.0,0.0,0.0,0.0,0.0,0.0,0.0
1465,78,die,4.0,0.0,0.0,1115.0,278.75,1.0,3.0,1.0
1466,78,Einzelstrang-DNA-Enden,12.0,145.0,145.0,2986.0,248.83333333333323,1.0,11.0,1.0
1467,78,links,3.0,222.0,222.0,940.0,313.33333333333326,1.0,2.0,1.0
1468,78,und,0.0,0.0,0.0,0.0,0.0,0.0,0.0,0.0
1469,78,rechts,2.0,288.0,288.0,313.0,156.5,1.0,1.0,1.0
1470,78,der,3.0,0.0,0.0,671.0,223.66666666666677,1.0,2.0,1.0
1471,78,Replikationslücke,8.0,293.0,544.0,1508.0,188.5,1.0,7.0,1.0
1472,78,und,0.0,0.0,0.0,0.0,0.0,0.0,0.0,0.0
1473,78,sucht,2.0,392.0,392.0,713.0,356.5,1.0,1.0,1.0
1474,78,die,1.0,0.0,0.0,356.0,356.0,1.0,0.0,0.0
1475,78,Schwesterchromatide,9.0,299.0,1355.0,2276.0,252.88888888888874,1.0,8.0,1.0
1476,78,oder,3.0,245.0,245.0,717.0,239.0,1.0,2.0,1.0
1477,78,das,3.0,303.0,303.0,780.0,260.0,1.0,2.0,1.0
1478,78,homologe,4.0,359.0,359.0,1164.0,291.0,1.0,3.0,1.0
1479,78,Chromosom,5.0,367.0,559.0,1286.0,257.1999999999999,1.0,4.0,1.0
1480,78,nach,3.0,277.0,277.0,714.0,238.0,1.0,2.0,1.0
1481,78,homologen,3.0,192.0,192.0,743.0,247.66666666666677,1.0,2.0,1.0
1482,78,Sequenzen,5.0,311.0,702.0,968.0,193.60000000000005,1.0,4.0,1.0
1483,78,ab,1.0,0.0,0.0,219.0,219.0,1.0,0.0,0.0
1484,79,Bei,3.0,794.0,794.0,1206.0,402.0,1.0,2.0,1.0
1485,79,der,0.0,0.0,0.0,0.0,0.0,0.0,0.0,0.0
1486,79,Absorption,5.0,457.0,457.0,2409.0,481.7999999999998,1.0,4.0,1.0
1487,79,eines,1.0,0.0,0.0,199.0,199.0,1.0,0.0,0.0
1488,79,Photons,3.0,382.0,572.0,771.0,257.0,1.0,2.0,1.0
1489,79,kann,2.0,246.0,246.0,562.0,281.0,1.0,1.0,1.0
1490,79,ein,1.0,0.0,0.0,262.0,262.0,1.0,0.0,0.0
1491,79,Elektron,3.0,309.0,309.0,715.0,238.33333333333323,1.0,2.0,1.0
1492,79,aus,0.0,0.0,0.0,0.0,0.0,0.0,0.0,0.0
1493,79,dem,2.0,291.0,291.0,489.0,244.5,1.0,1.0,1.0
1494,79,Valenzband,3.0,369.0,369.0,868.0,289.33333333333326,1.0,2.0,1.0
1495,79,in,0.0,0.0,0.0,0.0,0.0,0.0,0.0,0.0
1496,79,das,3.0,314.0,314.0,659.0,219.66666666666677,1.0,2.0,1.0
1497,79,Leitungsband,3.0,211.0,440.0,825.0,275.0,1.0,2.0,1.0
1498,79,angeregt,1.0,362.0,362.0,362.0,362.0,1.0,0.0,0.0
1499,79,werden,1.0,0.0,0.0,224.0,224.0,1.0,0.0,0.0
1500,80,Wenn,1.0,321.0,321.0,321.0,321.0,1.0,0.0,0.0
1501,80,ein,1.0,364.0,364.0,364.0,364.0,1.0,0.0,0.0
1502,80,ruhendes,4.0,589.0,589.0,1336.0,334.0,1.0,3.0,1.0
1503,80,Atom,2.0,344.0,344.0,642.0,321.0,1.0,1.0,1.0
1504,80,ein,0.0,0.0,0.0,0.0,0.0,0.0,0.0,0.0
1505,80,Photon,3.0,626.0,626.0,1348.0,449.33333333333354,1.0,2.0,1.0
1506,80,absorbiert,3.0,339.0,339.0,969.0,323.0,1.0,2.0,1.0
1507,80,so,1.0,0.0,0.0,50.0,50.0,1.0,0.0,0.0
1508,80,nimmt,1.0,319.0,319.0,319.0,319.0,1.0,0.0,0.0
1509,80,es,1.0,0.0,0.0,222.0,222.0,1.0,0.0,0.0
1510,80,bei,2.0,237.0,237.0,476.0,238.0,1.0,1.0,1.0
1511,80,der,0.0,0.0,0.0,0.0,0.0,0.0,0.0,0.0
1512,80,Absorption,3.0,202.0,483.0,784.0,261.3333333333332,1.0,2.0,1.0
1513,80,den,0.0,0.0,0.0,0.0,0.0,0.0,0.0,0.0
1514,80,Photonenimpuls,5.0,361.0,1042.0,1418.0,283.60000000000014,1.0,4.0,1.0
1515,80,auf,0.0,0.0,0.0,0.0,0.0,0.0,0.0,0.0
1516,80,und,2.0,216.0,216.0,408.0,204.0,1.0,1.0,1.0
1517,80,erfährt,2.0,196.0,196.0,427.0,213.5,1.0,1.0,1.0
1518,80,deshalb,6.0,158.0,395.0,1372.0,228.66666666666677,1.0,5.0,1.0
1519,80,einen,0.0,0.0,0.0,0.0,0.0,0.0,0.0,0.0
1520,80,Rückstoßimpuls,7.0,290.0,667.0,1653.0,236.14285714285708,1.0,6.0,1.0
1521,80,der,2.0,0.0,0.0,648.0,324.0,1.0,1.0,1.0
1522,80,zu,2.0,329.0,329.0,525.0,262.5,1.0,1.0,1.0
1523,80,einer,3.0,189.0,189.0,612.0,204.0,1.0,2.0,1.0
1524,80,kinetischen,7.0,336.0,336.0,1901.0,271.5714285714285,1.0,6.0,1.0
1525,80,Rückstoßenergie,6.0,640.0,640.0,1794.0,299.0,1.0,5.0,1.0
1526,80,führt,2.0,249.0,249.0,437.0,218.5,1.0,1.0,1.0
1527,81,In,2.0,0.0,0.0,147.0,73.5,1.0,1.0,1.0
1528,81,der,5.0,0.0,0.0,2031.0,406.2000000000001,1.0,4.0,1.0
1529,81,homologen,18.0,0.0,0.0,6050.0,336.11111111111126,1.0,17.0,1.0
1530,81,Rekombinationsreparatur,17.0,0.0,0.0,4611.0,271.2352941176469,1.0,16.0,1.0
1531,81,veranlasst,10.0,0.0,0.0,2602.0,260.1999999999999,1.0,9.0,1.0
1532,81,RecA,7.0,0.0,0.0,2545.0,363.57142857142867,1.0,6.0,1.0
1533,81,in,0.0,0.0,0.0,0.0,0.0,0.0,0.0,0.0
1534,81,Verbindung,5.0,0.0,0.0,1047.0,209.39999999999992,1.0,4.0,1.0
1535,81,mit,0.0,0.0,0.0,0.0,0.0,0.0,0.0,0.0
1536,81,einer,4.0,0.0,0.0,1199.0,299.75,1.0,3.0,1.0
1537,81,Reihe,4.0,0.0,0.0,743.0,185.75,1.0,3.0,1.0
1538,81,weiterer,5.0,0.0,0.0,882.0,176.39999999999998,1.0,4.0,1.0
1539,81,Proteine,5.0,0.0,0.0,1534.0,306.8,1.0,4.0,1.0
1540,81,die,5.0,0.0,0.0,659.0,131.80000000000007,1.0,4.0,1.0
1541,81,Auflösung,6.0,0.0,0.0,1565.0,260.8333333333332,1.0,5.0,1.0
1542,81,der,2.0,0.0,0.0,333.0,166.5,1.0,1.0,1.0
1543,81,angehaltenen,7.0,0.0,0.0,2152.0,307.42857142857144,1.0,6.0,1.0
1544,81,Replikationsgabel,23.0,0.0,0.0,5919.0,257.3478260869563,1.0,22.0,1.0
1545,81,Kommt,7.0,0.0,0.0,1575.0,225.0,1.0,6.0,1.0
1546,81,der,3.0,0.0,0.0,659.0,219.66666666666677,1.0,2.0,1.0
1547,81,Replikationskomplex,19.0,0.0,0.0,4844.0,254.94736842105254,1.0,18.0,1.0
1548,81,an,2.0,0.0,0.0,502.0,251.0,1.0,1.0,1.0
1549,81,eine,2.0,0.0,0.0,427.0,213.5,1.0,1.0,1.0
1550,81,schadhafte,5.0,0.0,0.0,1425.0,285.0,1.0,4.0,1.0
1551,81,DNA-Stelle,6.0,0.0,0.0,1439.0,239.83333333333323,1.0,5.0,1.0
1552,81,löst,4.0,0.0,0.0,413.0,103.25,1.0,3.0,1.0
1553,81,er,0.0,0.0,0.0,0.0,0.0,0.0,0.0,0.0
1554,81,sich,5.0,0.0,0.0,1613.0,322.6000000000002,1.0,4.0,1.0
1555,81,und,2.0,0.0,0.0,500.0,250.0,1.0,1.0,1.0
1556,81,überspringt,5.0,0.0,0.0,1419.0,283.80000000000007,1.0,4.0,1.0
1557,81,den,1.0,0.0,0.0,137.0,137.0,1.0,0.0,0.0
1558,81,Schaden,3.0,0.0,0.0,1136.0,378.66666666666663,1.0,2.0,1.0
1559,81,um,1.0,0.0,0.0,219.0,219.0,1.0,0.0,0.0
1560,81,an,2.0,203.0,203.0,778.0,389.0,1.0,1.0,1.0
1561,81,anderer,4.0,232.0,232.0,943.0,235.75,1.0,3.0,1.0
1562,81,Stelle,5.0,197.0,197.0,1064.0,212.80000000000013,1.0,4.0,1.0
1563,81,fortzufahren,4.0,341.0,341.0,946.0,236.5,1.0,3.0,1.0
1564,82,Man,2.0,223.0,223.0,393.0,196.5,1.0,1.0,1.0
1565,82,kann,2.0,0.0,0.0,425.0,212.5,1.0,1.0,1.0
1566,82,sie,1.0,189.0,189.0,189.0,189.0,1.0,0.0,0.0
1567,82,realisieren,4.0,325.0,325.0,1113.0,278.25,1.0,3.0,1.0
1568,82,durch,2.0,344.0,344.0,470.0,235.0,1.0,1.0,1.0
1569,82,transparente,4.0,306.0,306.0,995.0,248.75,1.0,3.0,1.0
1570,82,Materialien,5.0,446.0,446.0,1342.0,268.39999999999986,1.0,4.0,1.0
1571,82,in,0.0,0.0,0.0,0.0,0.0,0.0,0.0,0.0
1572,82,die,4.0,207.0,207.0,835.0,208.75,1.0,3.0,1.0
1573,82,periodische,3.0,247.0,247.0,635.0,211.6666666666667,1.0,2.0,1.0
1574,82,Strukturen,4.0,302.0,519.0,945.0,236.25,1.0,3.0,1.0
1575,82,z.B.,0.0,0.0,0.0,0.0,0.0,0.0,0.0,0.0
1576,82,dielektrische,4.0,324.0,605.0,1206.0,301.5,1.0,3.0,1.0
1577,82,Mikrozylinder,9.0,353.0,778.0,2115.0,235.0,1.0,8.0,1.0
1578,82,oder,0.0,0.0,0.0,0.0,0.0,0.0,0.0,0.0
1579,82,Kügelchen,6.0,304.0,528.0,1425.0,237.5,1.0,5.0,1.0
1580,82,eingebaut,5.0,232.0,232.0,1100.0,220.0,1.0,4.0,1.0
1581,82,sind,2.0,143.0,143.0,251.0,125.5,1.0,1.0,1.0
1582,82,deren,3.0,0.0,0.0,814.0,271.3333333333332,1.0,2.0,1.0
1583,82,Abstände,9.0,161.0,161.0,2014.0,223.77777777777766,1.0,8.0,1.0
1584,82,in,1.0,0.0,0.0,203.0,203.0,1.0,0.0,0.0
1585,82,der,2.0,0.0,0.0,496.0,248.0,1.0,1.0,1.0
1586,82,Größenordnung,10.0,311.0,693.0,2797.0,279.6999999999999,1.0,9.0,1.0
1587,82,der,1.0,194.0,194.0,194.0,194.0,1.0,0.0,0.0
1588,82,optischen,5.0,285.0,285.0,1345.0,269.0,1.0,4.0,1.0
1589,82,Wellenlänge,9.0,632.0,899.0,2591.0,287.88888888888874,1.0,8.0,1.0
1590,82,liegen,4.0,312.0,312.0,866.0,216.5,1.0,3.0,1.0
1591,83,Dieser,3.0,258.0,258.0,791.0,263.6666666666668,1.0,2.0,1.0
1592,83,dient,2.0,206.0,206.0,446.0,223.0,1.0,1.0,1.0
1593,83,dann,1.0,0.0,0.0,249.0,249.0,1.0,0.0,0.0
1594,83,als,2.0,149.0,149.0,434.0,217.0,1.0,1.0,1.0
1595,83,Matrize,3.0,220.0,429.0,665.0,221.66666666666677,1.0,2.0,1.0
1596,83,zum,1.0,0.0,0.0,289.0,289.0,1.0,0.0,0.0
1597,83,Auffüllen,5.0,172.0,172.0,1032.0,206.39999999999992,1.0,4.0,1.0
1598,83,der,0.0,0.0,0.0,0.0,0.0,0.0,0.0,0.0
1599,83,Replikationslücke,6.0,393.0,910.0,1643.0,273.8333333333332,1.0,5.0,1.0
1600,84,Das,2.0,806.0,806.0,920.0,460.0,1.0,1.0,1.0
1601,84,Prinzip,2.0,0.0,0.0,599.0,299.5,1.0,1.0,1.0
1602,84,ist,3.0,163.0,163.0,457.0,152.33333333333337,1.0,2.0,1.0
1603,84,einfach,5.0,299.0,299.0,1036.0,207.19999999999987,1.0,4.0,1.0
1604,84,Am,2.0,0.0,0.0,645.0,322.5,1.0,1.0,1.0
1605,84,Tag,5.0,0.0,0.0,1201.0,240.19999999999987,1.0,4.0,1.0
1606,84,speichert,11.0,257.0,257.0,3041.0,276.45454545454527,1.0,10.0,1.0
1607,84,der,2.0,0.0,0.0,475.0,237.5,1.0,1.0,1.0
1608,84,Chloroplast,10.0,251.0,251.0,2780.0,278.0,1.0,9.0,1.0
1609,84,die,2.0,0.0,0.0,400.0,200.0,1.0,1.0,1.0
1610,84,gebildete,7.0,302.0,302.0,1627.0,232.4285714285715,1.0,6.0,1.0
1611,84,und,2.0,0.0,0.0,447.0,223.5,1.0,1.0,1.0
1612,84,überschüssige,7.0,226.0,444.0,1727.0,246.71428571428558,1.0,6.0,1.0
1613,84,Glucose,4.0,203.0,203.0,1100.0,275.0,1.0,3.0,1.0
1614,84,aus,0.0,0.0,0.0,0.0,0.0,0.0,0.0,0.0
1615,84,der,3.0,218.0,218.0,515.0,171.66666666666669,1.0,2.0,1.0
1616,84,Photosynthese,5.0,181.0,785.0,1673.0,334.6000000000002,1.0,4.0,1.0
1617,84,als,0.0,0.0,0.0,0.0,0.0,0.0,0.0,0.0
1618,84,Stärke,3.0,397.0,397.0,793.0,264.3333333333332,1.0,2.0,1.0
1619,84,in,0.0,0.0,0.0,0.0,0.0,0.0,0.0,0.0
1620,84,der,1.0,286.0,286.0,286.0,286.0,1.0,0.0,0.0
1621,84,Nacht,3.0,230.0,420.0,694.0,231.33333333333323,1.0,2.0,1.0
1622,84,kommt,1.0,0.0,0.0,278.0,278.0,1.0,0.0,0.0
1623,84,es,1.0,250.0,250.0,250.0,250.0,1.0,0.0,0.0
1624,84,zu,0.0,0.0,0.0,0.0,0.0,0.0,0.0,0.0
1625,84,einer,1.0,258.0,258.0,258.0,258.0,1.0,0.0,0.0
1626,84,Stoffentnahme,4.0,320.0,615.0,1052.0,263.0,1.0,3.0,1.0
1627,84,aus,0.0,0.0,0.0,0.0,0.0,0.0,0.0,0.0
1628,84,diesem,1.0,257.0,257.0,257.0,257.0,1.0,0.0,0.0
1629,84,Speicher,3.0,198.0,198.0,663.0,221.0,1.0,2.0,1.0
1630,85,Die,3.0,0.0,0.0,1070.0,356.66666666666663,1.0,2.0,1.0
1631,85,Frequenz,7.0,309.0,309.0,2074.0,296.28571428571445,1.0,6.0,1.0
1632,85,der,4.0,213.0,213.0,1192.0,298.0,1.0,3.0,1.0
1633,85,Anregung,5.0,322.0,851.0,2221.0,444.20000000000016,1.0,4.0,1.0
1634,85,unterscheidet,4.0,515.0,515.0,1624.0,406.0,1.0,3.0,1.0
1635,85,sich,3.0,195.0,828.0,1048.0,349.33333333333337,1.0,2.0,1.0
1636,85,also,1.0,0.0,0.0,322.0,322.0,1.0,0.0,0.0
1637,85,von,1.0,361.0,361.0,361.0,361.0,1.0,0.0,0.0
1638,85,der,0.0,0.0,0.0,0.0,0.0,0.0,0.0,0.0
1639,85,des,1.0,194.0,194.0,194.0,194.0,1.0,0.0,0.0
1640,85,Photons,3.0,271.0,271.0,712.0,237.33333333333323,1.0,2.0,1.0
1641,85,um,0.0,0.0,0.0,0.0,0.0,0.0,0.0,0.0
1642,85,einen,2.0,229.0,229.0,437.0,218.5,1.0,1.0,1.0
1643,85,gewissen,3.0,135.0,135.0,552.0,184.0,1.0,2.0,1.0
1644,85,Betrag,1.0,221.0,221.0,221.0,221.0,1.0,0.0,0.0
1645,86,Da,2.0,0.0,0.0,608.0,304.0,1.0,1.0,1.0
1646,86,die,15.0,405.0,405.0,3514.0,234.26666666666662,1.0,14.0,1.0
1647,86,effektive,27.0,325.0,325.0,7354.0,272.3703703703704,1.0,26.0,1.0
1648,86,Masse,14.0,0.0,0.0,3245.0,231.78571428571442,1.0,13.0,1.0
1649,86,im,7.0,199.0,199.0,1041.0,148.71428571428572,1.0,6.0,1.0
1650,86,oberen,18.0,297.0,297.0,4853.0,269.61111111111126,1.0,17.0,1.0
1651,86,Teil,11.0,296.0,296.0,2185.0,198.63636363636368,1.0,10.0,1.0
1652,86,des,5.0,0.0,0.0,1570.0,314.0,1.0,4.0,1.0
1653,86,Valenzbandes,20.0,377.0,377.0,6534.0,326.7,1.0,19.0,1.0
1654,86,negativ,14.0,228.0,228.0,4758.0,339.85714285714295,1.0,13.0,1.0
1655,86,ist,6.0,301.0,301.0,1247.0,207.8333333333333,1.0,5.0,1.0
1656,86,wird,9.0,0.0,0.0,2657.0,295.22222222222246,1.0,8.0,1.0
1657,86,die,4.0,0.0,0.0,1119.0,279.75,1.0,3.0,1.0
1658,86,Energieparabel,20.0,147.0,147.0,5972.0,298.6000000000002,1.0,19.0,1.0
1659,86,der,4.0,0.0,0.0,986.0,246.5,1.0,3.0,1.0
1660,86,Löcher,6.0,214.0,214.0,1640.0,273.3333333333332,1.0,5.0,1.0
1661,86,nach,7.0,0.0,0.0,1969.0,281.28571428571445,1.0,6.0,1.0
1662,86,unten,4.0,402.0,402.0,1381.0,345.25,1.0,3.0,1.0
1663,86,gekrümmt,3.0,342.0,342.0,1051.0,350.33333333333337,1.0,2.0,1.0
